,winner,num_moves,first_player.id,first_player.depth,first_player.times,first_player.num_nodes_gen,second_player.id,second_player.depth,second_player.times,second_player.num_nodes_gen
0,2,34,PlayerBFMM,1,"[0.000662, 0.000801, 0.000629, 0.000707, 0.001209, 0.003978, 0.000734, 0.000874, 0.001178, 0.00106, 0.000768, 0.001188, 0.001078, 0.000536, 0.000925, 0.000935, 0.00079]",345,PlayerBFMM,1,"[0.000911, 0.001539, 0.00142, 0.001069, 0.001204, 0.001226, 0.002159, 0.001232, 0.001982, 0.001088, 0.00073, 0.000614, 0.0007, 0.000611, 0.000563, 0.000894, 0.000822]",355
1,2,34,PlayerBFMM,1,"[0.000601, 0.000792, 0.000625, 0.000698, 0.001193, 0.004023, 0.000736, 0.000877, 0.001181, 0.001054, 0.00076, 0.00115, 0.000881, 0.000519, 0.000868, 0.00088, 0.000783]",345,PlayerBFMM,2,"[0.001362, 0.001828, 0.001733, 0.00191, 0.004928, 0.001585, 0.002701, 0.002046, 0.002705, 0.001453, 0.001602, 0.001279, 0.000912, 0.001276, 0.001126, 0.001324, 0.00077]",598
2,2,40,PlayerBFMM,1,"[0.000559, 0.000641, 0.002014, 0.000652, 0.001508, 0.001178, 0.001633, 0.001671, 0.000924, 0.00089, 0.000909, 0.001157, 0.000879, 0.00114, 0.000941, 0.00077, 0.000857, 0.000912, 0.000935, 0.001045]",373,PlayerBFMM,3,"[0.009717, 0.004614, 0.013291, 0.013087, 0.002217, 0.002645, 0.011751, 0.008114, 0.004561, 0.00803, 0.002195, 0.001746, 0.002087, 0.002957, 0.002427, 0.002974, 0.00296, 0.002349, 0.001631, 0.00047]",1989
3,2,40,PlayerBFMM,1,"[0.000565, 0.000697, 0.002205, 0.00066, 0.001583, 0.001056, 0.001766, 0.001787, 0.000874, 0.000839, 0.000985, 0.001207, 0.000862, 0.001111, 0.000884, 0.000814, 0.000975, 0.00084, 0.000864, 0.000911]",373,PlayerBFMM,4,"[0.010378, 0.005493, 0.014164, 0.016142, 0.003339, 0.004733, 0.018059, 0.010524, 0.007124, 0.010546, 0.013115, 0.006692, 0.002917, 0.003547, 0.003118, 0.003567, 0.003595, 0.002971, 0.001583, 0.000474]",2619
4,2,26,PlayerBFMM,1,"[0.000586, 0.000753, 0.001711, 0.000962, 0.000755, 0.000828, 0.000939, 0.001259, 0.000837, 0.000726, 0.00079, 0.000971, 0.001]",223,PlayerBFMM,5,"[0.01487, 0.009158, 0.005944, 0.006152, 0.006079, 0.005405, 0.003059, 0.003973, 0.023595, 0.008015, 0.002963, 0.001456, 0.00051]",1790
5,2,26,PlayerBFMM,1,"[0.000611, 0.000704, 0.001852, 0.001559, 0.00136, 0.00103, 0.001555, 0.001061, 0.001261, 0.001293, 0.001384, 0.001992, 0.001591]",345,PlayerBFMM,6,"[0.038865, 0.051795, 0.021241, 0.010976, 0.025048, 0.019178, 0.124306, 0.045533, 0.011275, 0.01127, 0.119829, 0.002649, 0.001289]",9786
6,2,34,PlayerBFMM,2,"[0.001294, 0.002071, 0.001664, 0.001368, 0.002051, 0.004849, 0.002531, 0.001716, 0.002709, 0.001693, 0.001169, 0.001425, 0.001373, 0.000823, 0.001206, 0.001536, 0.001305]",606,PlayerBFMM,1,"[0.000966, 0.00154, 0.001367, 0.001053, 0.001164, 0.001246, 0.002201, 0.001251, 0.002037, 0.001038, 0.000698, 0.000616, 0.000703, 0.000589, 0.00054, 0.000911, 0.000353]",348
7,2,34,PlayerBFMM,2,"[0.001116, 0.001921, 0.001616, 0.00145, 0.002093, 0.004836, 0.002451, 0.001929, 0.003175, 0.002, 0.001229, 0.001672, 0.001532, 0.000964, 0.001331, 0.001723, 0.001462]",606,PlayerBFMM,2,"[0.001439, 0.001899, 0.001657, 0.001878, 0.004978, 0.001627, 0.003035, 0.002264, 0.00345, 0.001646, 0.001762, 0.001439, 0.00107, 0.001407, 0.001351, 0.001541, 0.000413]",591
8,2,40,PlayerBFMM,2,"[0.001317, 0.001293, 0.002916, 0.000972, 0.002218, 0.001602, 0.002252, 0.002265, 0.002039, 0.002203, 0.001636, 0.001443, 0.001511, 0.00152, 0.001351, 0.00104, 0.001356, 0.001325, 0.001302, 0.000966]",571,PlayerBFMM,3,"[0.010739, 0.004675, 0.013544, 0.013288, 0.002295, 0.002669, 0.011663, 0.008784, 0.004779, 0.007967, 0.002218, 0.00181, 0.002126, 0.003098, 0.002443, 0.002976, 0.002936, 0.001837, 0.001438, 0.000388]",1988
9,2,40,PlayerBFMM,2,"[0.001129, 0.001235, 0.002793, 0.000935, 0.002133, 0.001591, 0.002392, 0.002236, 0.001832, 0.001988, 0.001785, 0.001405, 0.001506, 0.001557, 0.001397, 0.001041, 0.00139, 0.001338, 0.001385, 0.001002]",570,PlayerBFMM,4,"[0.009909, 0.005189, 0.013909, 0.015934, 0.003416, 0.00436, 0.017333, 0.008747, 0.006926, 0.01021, 0.012138, 0.006065, 0.002653, 0.003363, 0.003115, 0.003566, 0.003505, 0.002987, 0.001422, 0.000392]",2618
10,2,26,PlayerBFMM,2,"[0.001236, 0.001755, 0.002026, 0.001451, 0.002068, 0.001585, 0.001637, 0.00159, 0.001179, 0.001322, 0.001063, 0.001248, 0.001156]",383,PlayerBFMM,5,"[0.014804, 0.00928, 0.005274, 0.005385, 0.005824, 0.005314, 0.003059, 0.003901, 0.023038, 0.007988, 0.003021, 0.00142, 0.001024]",1800
11,2,26,PlayerBFMM,2,"[0.001127, 0.001954, 0.00388, 0.002407, 0.002893, 0.001747, 0.002437, 0.002426, 0.003637, 0.002496, 0.002079, 0.002312, 0.002]",619,PlayerBFMM,6,"[0.03771, 0.050626, 0.02184, 0.010732, 0.02572, 0.01961, 0.125273, 0.045128, 0.01165, 0.011162, 0.118936, 0.002506, 0.000933]",9784
12,GameResult.TIE,42,PlayerBFMM,3,"[0.001575, 0.002329, 0.002015, 0.002191, 0.016742, 0.005125, 0.002953, 0.002591, 0.003507, 0.002085, 0.003205, 0.004472, 0.001585, 0.001615, 0.001789, 0.00394, 0.002279, 0.001995, 0.001764, 0.001767, 0.000409]",1278,PlayerBFMM,1,"[0.000859, 0.001429, 0.001359, 0.000996, 0.001158, 0.001164, 0.002145, 0.001241, 0.001981, 0.001094, 0.000715, 0.000604, 0.000685, 0.000599, 0.000593, 0.000753, 0.000988, 0.001037, 0.000649, 0.000832, 0.000181]",381
13,GameResult.TIE,42,PlayerBFMM,3,"[0.001619, 0.002524, 0.001993, 0.002244, 0.016952, 0.005249, 0.003198, 0.002434, 0.003463, 0.002124, 0.003087, 0.004421, 0.001551, 0.001458, 0.00183, 0.003745, 0.002203, 0.00196, 0.001686, 0.001659, 0.000391]",1278,PlayerBFMM,2,"[0.001455, 0.001961, 0.001758, 0.001936, 0.004866, 0.001577, 0.002723, 0.002219, 0.002538, 0.001395, 0.001468, 0.001247, 0.000931, 0.001165, 0.001166, 0.001411, 0.001601, 0.001277, 0.001384, 0.00102, 0.000174]",648
14,GameResult.TIE,42,PlayerBFMM,3,"[0.001548, 0.001606, 0.003676, 0.0017, 0.004604, 0.002867, 0.004004, 0.007423, 0.01393, 0.002802, 0.007362, 0.002976, 0.008549, 0.003836, 0.004178, 0.005573, 0.003599, 0.002295, 0.000911, 0.000784, 0.000382]",1519,PlayerBFMM,3,"[0.010221, 0.00452, 0.013759, 0.013343, 0.002177, 0.00275, 0.01173, 0.010499, 0.006985, 0.002555, 0.003787, 0.002983, 0.003382, 0.007213, 0.003945, 0.00361, 0.003387, 0.002364, 0.000817, 0.000521, 0.00018]",2175
15,GameResult.TIE,42,PlayerBFMM,3,"[0.001885, 0.002218, 0.003972, 0.001847, 0.004587, 0.002844, 0.004031, 0.007499, 0.015495, 0.003037, 0.007481, 0.003041, 0.008993, 0.003951, 0.00443, 0.005759, 0.003613, 0.002424, 0.000812, 0.000694, 0.000335]",1519,PlayerBFMM,4,"[0.011912, 0.005725, 0.014645, 0.015731, 0.00344, 0.004558, 0.017007, 0.022794, 0.007882, 0.008743, 0.005021, 0.009927, 0.004767, 0.008416, 0.007423, 0.004906, 0.00365, 0.002169, 0.000848, 0.000488, 0.00018]",2944
16,2,38,PlayerBFMM,3,"[0.00165, 0.002007, 0.002541, 0.001874, 0.00243, 0.002239, 0.003928, 0.003183, 0.00169, 0.007445, 0.002333, 0.004985, 0.002607, 0.003856, 0.002316, 0.003435, 0.001124, 0.000966, 0.000376]",899,PlayerBFMM,5,"[0.015246, 0.009223, 0.005446, 0.005523, 0.005686, 0.00537, 0.004399, 0.0042, 0.019729, 0.002892, 0.006038, 0.003639, 0.017527, 0.005254, 0.004946, 0.00166, 0.001254, 0.000682, 0.000228]",2207
17,1,37,PlayerBFMM,3,"[0.001618, 0.00361, 0.003385, 0.016111, 0.003746, 0.005635, 0.014697, 0.003126, 0.004982, 0.003858, 0.002738, 0.00236, 0.004137, 0.00176, 0.003749, 0.002358, 0.003061, 0.002291, 0.000501]",1666,PlayerBFMM,6,"[0.039307, 0.051184, 0.021501, 0.008322, 0.04414, 0.017936, 0.005114, 0.016345, 0.007641, 0.012842, 0.02433, 0.006363, 0.012118, 0.008209, 0.005225, 0.004127, 0.006735, 0.002292]",5980
18,2,36,PlayerBFMM,4,"[0.009987, 0.004446, 0.021837, 0.006821, 0.017021, 0.007992, 0.003968, 0.013337, 0.015939, 0.002338, 0.0033, 0.008034, 0.004668, 0.014874, 0.004588, 0.001601, 0.001303, 0.000961]",3022,PlayerBFMM,1,"[0.000912, 0.001482, 0.001274, 0.001026, 0.001176, 0.00116, 0.002034, 0.002616, 0.001094, 0.00106, 0.000688, 0.001303, 0.001073, 0.001436, 0.001066, 0.00062, 0.000519, 0.0005]",411
19,2,36,PlayerBFMM,4,"[0.010136, 0.004411, 0.022604, 0.00744, 0.017466, 0.007847, 0.003795, 0.013262, 0.015686, 0.002339, 0.003531, 0.007903, 0.004575, 0.015343, 0.004588, 0.0016, 0.001342, 0.000932]",3022,PlayerBFMM,2,"[0.001273, 0.001823, 0.001691, 0.001951, 0.00466, 0.001496, 0.002569, 0.002958, 0.001769, 0.001401, 0.001545, 0.001671, 0.002104, 0.001919, 0.001487, 0.000854, 0.00083, 0.000502]",649
20,2,40,PlayerBFMM,4,"[0.010076, 0.004717, 0.003346, 0.00538, 0.008796, 0.007884, 0.029034, 0.018645, 0.007607, 0.003977, 0.004154, 0.002536, 0.001976, 0.006694, 0.002123, 0.004771, 0.004244, 0.001862, 0.002487, 0.000401]",2619,PlayerBFMM,3,"[0.00964, 0.001612, 0.001785, 0.003093, 0.002536, 0.003585, 0.005459, 0.016448, 0.005507, 0.003609, 0.003443, 0.001834, 0.001607, 0.005325, 0.001723, 0.001641, 0.002864, 0.001353, 0.000736, 0.000245]",1428
21,2,38,PlayerBFMM,4,"[0.010804, 0.004735, 0.003469, 0.005426, 0.008815, 0.008034, 0.03315, 0.019015, 0.007819, 0.004005, 0.004613, 0.002639, 0.002179, 0.007882, 0.002506, 0.002597, 0.002932, 0.001464, 0.0011]",2544,PlayerBFMM,4,"[0.010228, 0.003566, 0.00567, 0.008469, 0.008222, 0.019258, 0.008332, 0.017085, 0.006407, 0.004413, 0.004093, 0.002515, 0.002665, 0.006802, 0.006852, 0.003219, 0.001901, 0.002537, 0.000473]",2364
22,2,36,PlayerBFMM,4,"[0.011051, 0.002484, 0.004977, 0.003338, 0.004876, 0.002865, 0.004486, 0.003439, 0.003681, 0.007929, 0.002572, 0.00571, 0.003399, 0.0043, 0.00264, 0.003861, 0.001343, 0.001019]",1372,PlayerBFMM,5,"[0.015685, 0.009251, 0.005425, 0.005483, 0.005729, 0.005559, 0.004338, 0.004224, 0.019701, 0.002915, 0.006003, 0.003804, 0.017478, 0.005322, 0.005893, 0.001626, 0.001237, 0.000536]",2205
23,1,37,PlayerBFMM,4,"[0.010583, 0.004475, 0.006888, 0.017118, 0.004405, 0.006305, 0.015305, 0.003799, 0.006568, 0.006702, 0.005572, 0.002634, 0.004721, 0.002152, 0.00449, 0.002618, 0.00333, 0.002764, 0.000501]",2231,PlayerBFMM,6,"[0.039346, 0.051734, 0.021784, 0.008476, 0.043873, 0.017757, 0.005093, 0.016294, 0.007456, 0.012612, 0.024102, 0.006367, 0.011885, 0.008132, 0.005245, 0.004156, 0.006788, 0.002343]",5980
24,2,40,PlayerBFMM,5,"[0.010364, 0.004724, 0.022706, 0.010693, 0.003783, 0.00398, 0.006322, 0.003321, 0.003496, 0.018236, 0.013447, 0.006769, 0.004379, 0.004637, 0.003665, 0.00671, 0.00712, 0.00653, 0.002337, 0.000427]",2719,PlayerBFMM,1,"[0.000857, 0.001789, 0.001381, 0.001408, 0.00099, 0.000696, 0.00111, 0.00123, 0.001326, 0.00059, 0.001108, 0.000949, 0.00115, 0.000963, 0.001399, 0.001029, 0.001038, 0.000839, 0.000489, 0.000246]",362
25,2,40,PlayerBFMM,5,"[0.010192, 0.004724, 0.022613, 0.011448, 0.003752, 0.003977, 0.006281, 0.003421, 0.003455, 0.018996, 0.013469, 0.006627, 0.004362, 0.004627, 0.003667, 0.006749, 0.007126, 0.006526, 0.002263, 0.000405]",2719,PlayerBFMM,2,"[0.001313, 0.001749, 0.001816, 0.001822, 0.001723, 0.00202, 0.001834, 0.001632, 0.001814, 0.001044, 0.001435, 0.001493, 0.001818, 0.001386, 0.001935, 0.001681, 0.001471, 0.001459, 0.000679, 0.000246]",524
26,2,36,PlayerBFMM,5,"[0.010443, 0.006677, 0.016565, 0.002266, 0.003046, 0.004917, 0.021408, 0.00782, 0.012285, 0.003033, 0.004043, 0.005017, 0.004263, 0.001901, 0.001933, 0.001793, 0.001741, 0.000926]",2288,PlayerBFMM,3,"[0.009739, 0.001542, 0.002014, 0.00157, 0.001366, 0.00339, 0.005698, 0.00213, 0.002189, 0.001902, 0.001996, 0.003201, 0.001448, 0.001493, 0.001124, 0.001135, 0.001176, 0.000335]",877
27,2,36,PlayerBFMM,5,"[0.01035, 0.00667, 0.017111, 0.002431, 0.003278, 0.00496, 0.020993, 0.007651, 0.012296, 0.003027, 0.004072, 0.00499, 0.004244, 0.001943, 0.001969, 0.00172, 0.001744, 0.001015]",2288,PlayerBFMM,4,"[0.010117, 0.003492, 0.002562, 0.00212, 0.002644, 0.003738, 0.006007, 0.004191, 0.002619, 0.002255, 0.003604, 0.003624, 0.001862, 0.001654, 0.001408, 0.001583, 0.001484, 0.000334]",1102
28,1,37,PlayerBFMM,5,"[0.010199, 0.010433, 0.003663, 0.023369, 0.012856, 0.009843, 0.004658, 0.008694, 0.016409, 0.014047, 0.005869, 0.015955, 0.005182, 0.003963, 0.012131, 0.024277, 0.007855, 0.001687, 0.000393]",3340,PlayerBFMM,5,"[0.016673, 0.003591, 0.013368, 0.010952, 0.013183, 0.004635, 0.004901, 0.00908, 0.018283, 0.012519, 0.041837, 0.015651, 0.004981, 0.022459, 0.00356, 0.006702, 0.004653, 0.001416]",3580
29,1,37,PlayerBFMM,5,"[0.010281, 0.0052, 0.048638, 0.018453, 0.008412, 0.038845, 0.01725, 0.004578, 0.00766, 0.007479, 0.005978, 0.018266, 0.005206, 0.005745, 0.004853, 0.004557, 0.003401, 0.002855, 0.000506]",4446,PlayerBFMM,6,"[0.03727, 0.050026, 0.021144, 0.008362, 0.0474, 0.018623, 0.005335, 0.017403, 0.008008, 0.012888, 0.023914, 0.006643, 0.011812, 0.008424, 0.005262, 0.004234, 0.006825, 0.002324]",5980
30,2,38,PlayerBFMM,6,"[0.014868, 0.017892, 0.02281, 0.010965, 0.004482, 0.011194, 0.019594, 0.003675, 0.013554, 0.024548, 0.025136, 0.014281, 0.012131, 0.009816, 0.014029, 0.00488, 0.015094, 0.004528, 0.002799]",4640,PlayerBFMM,1,"[0.000826, 0.001464, 0.001423, 0.001408, 0.000985, 0.000695, 0.001247, 0.001227, 0.00129, 0.00066, 0.001411, 0.001014, 0.001032, 0.000961, 0.000926, 0.000912, 0.001166, 0.001102, 0.000634]",364
31,2,38,PlayerBFMM,6,"[0.01499, 0.017799, 0.022657, 0.011128, 0.0044, 0.011023, 0.019916, 0.003707, 0.013874, 0.024414, 0.025201, 0.014242, 0.012242, 0.009139, 0.013602, 0.00486, 0.015323, 0.004388, 0.002762]",4640,PlayerBFMM,2,"[0.001309, 0.00182, 0.001697, 0.001738, 0.001726, 0.002053, 0.001699, 0.001626, 0.001607, 0.001, 0.001768, 0.001344, 0.001476, 0.001594, 0.001577, 0.001643, 0.002382, 0.001765, 0.000631]",533
32,2,36,PlayerBFMM,6,"[0.014677, 0.007131, 0.018937, 0.002849, 0.010842, 0.04467, 0.025544, 0.018526, 0.01455, 0.003846, 0.005914, 0.006233, 0.005199, 0.002395, 0.002358, 0.001997, 0.001877, 0.000961]",3690,PlayerBFMM,3,"[0.009686, 0.001654, 0.002451, 0.001925, 0.001657, 0.003508, 0.005593, 0.002516, 0.002422, 0.001944, 0.002394, 0.003582, 0.001532, 0.001533, 0.001267, 0.001241, 0.001201, 0.000386]",877
33,2,36,PlayerBFMM,6,"[0.015479, 0.007349, 0.018027, 0.002603, 0.009184, 0.044469, 0.025316, 0.016108, 0.013178, 0.003614, 0.00567, 0.006172, 0.004774, 0.002175, 0.002264, 0.001855, 0.001772, 0.000934]",3690,PlayerBFMM,4,"[0.01042, 0.003674, 0.002714, 0.002079, 0.002825, 0.00386, 0.006257, 0.004351, 0.002649, 0.002268, 0.004031, 0.003814, 0.001879, 0.001758, 0.00143, 0.001586, 0.001272, 0.000384]",1102
34,1,37,PlayerBFMM,6,"[0.015053, 0.008752, 0.02688, 0.064298, 0.013422, 0.010016, 0.00546, 0.00918, 0.0264, 0.012595, 0.041691, 0.015838, 0.005325, 0.022873, 0.012018, 0.023698, 0.011049, 0.001786, 0.000354]",6347,PlayerBFMM,5,"[0.01441, 0.003393, 0.011207, 0.010392, 0.012378, 0.004343, 0.004065, 0.008545, 0.016263, 0.010707, 0.039636, 0.015275, 0.004885, 0.021574, 0.003434, 0.006655, 0.004572, 0.001415]",3580
35,GameResult.TIE,42,PlayerBFMM,6,"[0.014802, 0.012083, 0.005573, 0.023822, 0.026596, 0.024645, 0.005724, 0.044698, 0.019708, 0.009672, 0.017343, 0.012769, 0.007509, 0.003935, 0.006354, 0.012297, 0.009516, 0.004108, 0.002438, 0.00098, 0.000359]",5005,PlayerBFMM,6,"[0.037964, 0.005779, 0.024877, 0.056491, 0.026314, 0.024142, 0.041259, 0.018905, 0.070375, 0.016088, 0.015108, 0.013075, 0.003814, 0.006314, 0.012451, 0.009616, 0.003845, 0.00267, 0.001924, 0.000773, 0.000193]",7775
36,1,7,PlayerBFMM,1,"[0.000619, 0.000627, 0.000719, 0.000705]",61,PlayerAB,1,"[0.00048, 0.000435, 0.000475]",21
37,2,24,PlayerBFMM,1,"[0.000637, 0.000627, 0.000714, 0.00068, 0.001106, 0.001851, 0.001208, 0.000862, 0.000686, 0.000736, 0.000808, 0.000839]",194,PlayerAB,2,"[0.001004, 0.001851, 0.001706, 0.001658, 0.001883, 0.00163, 0.001211, 0.002077, 0.000771, 0.001237, 0.000684, 0.001065]",279
38,1,7,PlayerBFMM,1,"[0.00059, 0.0006, 0.000714, 0.000734]",61,PlayerAB,3,"[0.003679, 0.004733, 0.004765]",271
39,2,40,PlayerBFMM,1,"[0.00056, 0.000709, 0.001489, 0.000801, 0.000892, 0.001824, 0.003085, 0.002414, 0.002176, 0.001199, 0.001242, 0.003004, 0.003008, 0.001303, 0.001209, 0.000648, 0.000533, 0.000548, 0.000568, 0.000361]",504,PlayerAB,4,"[0.012824, 0.018857, 0.013165, 0.014041, 0.014791, 0.033284, 0.018127, 0.024118, 0.036955, 0.050333, 0.045398, 0.024794, 0.016121, 0.006363, 0.002811, 0.001981, 0.0012, 0.001175, 0.000613, 4.5e-05]",6156
40,1,7,PlayerBFMM,1,"[0.000602, 0.000577, 0.00068, 0.000671]",61,PlayerAB,5,"[0.02726, 0.070273, 0.054774]",3120
41,2,24,PlayerBFMM,1,"[0.000565, 0.000698, 0.000641, 0.000624, 0.000952, 0.00164, 0.00156, 0.001878, 0.002218, 0.001255, 0.002426, 0.00509]",398,PlayerAB,6,"[0.176753, 0.12771, 0.113592, 0.070891, 0.652107, 0.682167, 1.64584, 1.310691, 0.28017, 0.63714, 1.358426, 1.853283]",152634
42,1,7,PlayerBFMM,2,"[0.001107, 0.001918, 0.002081, 0.00065]",152,PlayerAB,1,"[0.000384, 0.000451, 0.000404]",21
43,2,24,PlayerBFMM,2,"[0.001236, 0.001851, 0.001539, 0.001229, 0.001346, 0.002145, 0.001591, 0.002518, 0.000949, 0.001379, 0.001036, 0.001314]",360,PlayerAB,2,"[0.001023, 0.001716, 0.001657, 0.00149, 0.001809, 0.001445, 0.00121, 0.00182, 0.000851, 0.001215, 0.000743, 0.000536]",273
44,1,7,PlayerBFMM,2,"[0.001129, 0.002015, 0.00231, 0.00065]",152,PlayerAB,3,"[0.003652, 0.004878, 0.005027]",271
45,2,40,PlayerBFMM,2,"[0.001092, 0.001512, 0.001952, 0.001454, 0.001659, 0.003037, 0.003826, 0.003835, 0.003135, 0.002021, 0.002166, 0.004031, 0.004422, 0.001984, 0.001712, 0.001156, 0.000889, 0.000942, 0.000793, 0.000382]",749,PlayerAB,4,"[0.013266, 0.019093, 0.013099, 0.014292, 0.015233, 0.032363, 0.018521, 0.023519, 0.036326, 0.049752, 0.045256, 0.024968, 0.016419, 0.006442, 0.003129, 0.001945, 0.001202, 0.001198, 0.000579, 4.5e-05]",6156
46,1,7,PlayerBFMM,2,"[0.001138, 0.001892, 0.002206, 0.000765]",152,PlayerAB,5,"[0.027924, 0.07205, 0.056247]",3120
47,2,24,PlayerBFMM,2,"[0.001277, 0.001446, 0.001591, 0.000951, 0.001574, 0.002345, 0.004363, 0.004069, 0.002875, 0.002317, 0.003035, 0.005611]",645,PlayerAB,6,"[0.187384, 0.129669, 0.115144, 0.071232, 0.644985, 0.698312, 1.660428, 1.394182, 0.31443, 0.684712, 1.42918, 0.86448]",137584
48,1,7,PlayerBFMM,3,"[0.001627, 0.002272, 0.002937, 0.000661]",187,PlayerAB,1,"[0.000392, 0.000602, 0.000414]",21
49,GameResult.TIE,42,PlayerBFMM,3,"[0.001692, 0.002193, 0.001767, 0.004095, 0.006437, 0.004094, 0.001935, 0.003932, 0.001793, 0.001928, 0.001777, 0.001885, 0.001905, 0.001968, 0.001872, 0.001463, 0.00153, 0.001655, 0.00191, 0.001205, 0.000496]",807,PlayerAB,2,"[0.000936, 0.001705, 0.001699, 0.00139, 0.001886, 0.00152, 0.001882, 0.001059, 0.000884, 0.001419, 0.000735, 0.000724, 0.000587, 0.00087, 0.000525, 0.000539, 0.00068, 0.000716, 0.001112, 0.000717, 5.4e-05]",341
50,1,7,PlayerBFMM,3,"[0.00172, 0.002301, 0.002795, 0.000661]",187,PlayerAB,3,"[0.003808, 0.004925, 0.004968]",271
51,2,36,PlayerBFMM,3,"[0.001779, 0.002023, 0.002529, 0.001895, 0.002262, 0.005503, 0.00488, 0.004468, 0.003867, 0.002844, 0.008246, 0.012348, 0.004549, 0.00408, 0.002604, 0.002018, 0.001712, 0.001083]",1211,PlayerAB,4,"[0.013512, 0.019876, 0.015028, 0.015484, 0.0149, 0.035449, 0.019006, 0.023064, 0.037474, 0.049795, 0.046833, 0.033522, 0.027858, 0.033153, 0.006756, 0.002277, 0.00143, 0.001537]",6757
52,1,7,PlayerBFMM,3,"[0.002215, 0.002287, 0.003266, 0.000666]",187,PlayerAB,5,"[0.029314, 0.076472, 0.059461]",3120
53,1,25,PlayerBFMM,3,"[0.001628, 0.002325, 0.001966, 0.002667, 0.004177, 0.00232, 0.00179, 0.003389, 0.001908, 0.004605, 0.004058, 0.006166, 0.000649]",684,PlayerAB,6,"[0.177876, 0.139543, 0.118458, 0.223681, 0.427533, 0.100935, 0.04075, 0.035678, 0.119466, 0.09206, 0.071107, 0.074418]",31096
54,1,7,PlayerBFMM,4,"[0.010638, 0.003289, 0.003941, 0.00071]",453,PlayerAB,1,"[0.000398, 0.000443, 0.000422]",21
55,GameResult.TIE,42,PlayerBFMM,4,"[0.010296, 0.003103, 0.002367, 0.005295, 0.006093, 0.004386, 0.002437, 0.003766, 0.003856, 0.006128, 0.00217, 0.005056, 0.002586, 0.002402, 0.002167, 0.001919, 0.00206, 0.003552, 0.001905, 0.001072, 0.000484]",1319,PlayerAB,2,"[0.000963, 0.001642, 0.001701, 0.001423, 0.001942, 0.00153, 0.001625, 0.001116, 0.000776, 0.001756, 0.000757, 0.000721, 0.00063, 0.000854, 0.000636, 0.000517, 0.000662, 0.000675, 0.000849, 0.00074, 5.3e-05]",341
56,1,7,PlayerBFMM,4,"[0.010381, 0.003367, 0.004107, 0.000694]",453,PlayerAB,3,"[0.004135, 0.005109, 0.005137]",271
57,2,36,PlayerBFMM,4,"[0.010752, 0.002505, 0.005166, 0.003482, 0.003218, 0.006787, 0.014011, 0.00811, 0.031346, 0.003664, 0.009136, 0.012881, 0.01182, 0.005659, 0.002481, 0.002054, 0.001491, 0.001014]",2456,PlayerAB,4,"[0.013503, 0.019412, 0.014789, 0.014569, 0.017479, 0.033005, 0.018361, 0.022513, 0.036792, 0.050796, 0.045389, 0.031724, 0.026374, 0.027993, 0.006666, 0.002123, 0.001291, 0.001137]",6757
58,1,7,PlayerBFMM,4,"[0.01027, 0.003054, 0.004427, 0.000671]",453,PlayerAB,5,"[0.027787, 0.073657, 0.056896]",3120
59,1,35,PlayerBFMM,4,"[0.010381, 0.004903, 0.003561, 0.002741, 0.005694, 0.0035, 0.00689, 0.006418, 0.008261, 0.016579, 0.024158, 0.014902, 0.009044, 0.017034, 0.067213, 0.019323, 0.005729, 0.003006]",4019,PlayerAB,6,"[0.178151, 0.074174, 0.203113, 0.337917, 0.338827, 0.552611, 0.721577, 0.946926, 1.23867, 1.934672, 0.758307, 0.767079, 0.729066, 0.996892, 0.886751, 0.367921, 0.093316]",183753
60,1,7,PlayerBFMM,5,"[0.010597, 0.003368, 0.004828, 0.000681]",491,PlayerAB,1,"[0.000383, 0.000444, 0.000405]",21
61,2,36,PlayerBFMM,5,"[0.010458, 0.00345, 0.009279, 0.031553, 0.008109, 0.004908, 0.00419, 0.017008, 0.003921, 0.00597, 0.002761, 0.00523, 0.002965, 0.00267, 0.005272, 0.003428, 0.003816, 0.002773]",2478,PlayerAB,2,"[0.000952, 0.001567, 0.001565, 0.001417, 0.002015, 0.001431, 0.001485, 0.000969, 0.000818, 0.001186, 0.000694, 0.000678, 0.000551, 0.000878, 0.000831, 0.000498, 0.000717, 0.000344]",322
62,1,7,PlayerBFMM,5,"[0.010308, 0.003383, 0.00492, 0.000704]",491,PlayerAB,3,"[0.003579, 0.004987, 0.004928]",271
63,2,40,PlayerBFMM,5,"[0.011657, 0.008684, 0.003223, 0.020127, 0.012705, 0.009558, 0.004548, 0.040317, 0.020277, 0.008505, 0.015928, 0.011301, 0.009644, 0.005611, 0.003705, 0.00797, 0.00298, 0.003899, 0.001727, 0.000401]",3770,PlayerAB,4,"[0.013646, 0.008815, 0.019158, 0.015838, 0.01879, 0.02887, 0.019926, 0.03029, 0.034346, 0.022678, 0.02628, 0.010743, 0.007874, 0.00954, 0.002628, 0.003275, 0.002645, 0.001464, 0.000707, 6.1e-05]",4754
64,1,7,PlayerBFMM,5,"[0.010624, 0.003324, 0.004824, 0.000658]",491,PlayerAB,5,"[0.02804, 0.069638, 0.054484]",3120
65,GameResult.TIE,42,PlayerBFMM,5,"[0.010671, 0.006609, 0.016621, 0.017482, 0.009108, 0.008938, 0.039467, 0.008765, 0.062033, 0.006047, 0.013103, 0.002265, 0.004191, 0.003138, 0.002207, 0.001804, 0.002639, 0.003534, 0.001208, 0.000638, 0.000337]",4332,PlayerAB,6,"[0.17288, 0.064923, 0.209189, 0.453919, 0.487909, 0.397776, 0.133292, 0.324124, 0.215008, 0.06584, 0.022722, 0.019474, 0.008585, 0.012778, 0.010729, 0.009208, 0.004338, 0.001196, 0.000166, 0.000108, 5.3e-05]",49598
66,1,7,PlayerBFMM,6,"[0.015542, 0.004128, 0.00842, 0.000651]",709,PlayerAB,1,"[0.000505, 0.000463, 0.00042]",21
67,2,36,PlayerBFMM,6,"[0.014811, 0.003945, 0.009799, 0.031103, 0.008346, 0.005519, 0.004406, 0.016769, 0.012235, 0.006503, 0.005829, 0.008495, 0.003298, 0.003237, 0.005347, 0.003717, 0.006299, 0.002734]",2993,PlayerAB,2,"[0.000921, 0.001666, 0.001599, 0.001419, 0.001814, 0.001673, 0.001536, 0.000961, 0.000742, 0.001183, 0.000658, 0.00071, 0.000556, 0.000855, 0.000818, 0.000498, 0.000746, 0.000493]",322
68,1,7,PlayerBFMM,6,"[0.016077, 0.003886, 0.008419, 0.000648]",709,PlayerAB,3,"[0.003675, 0.004797, 0.004731]",271
69,2,40,PlayerBFMM,6,"[0.015057, 0.008926, 0.026784, 0.064794, 0.013628, 0.01003, 0.005576, 0.076448, 0.017681, 0.034091, 0.015792, 0.010644, 0.01102, 0.005877, 0.004834, 0.008244, 0.004439, 0.004342, 0.001708, 0.000395]",6805,PlayerAB,4,"[0.012921, 0.008689, 0.017899, 0.01706, 0.020186, 0.028737, 0.020328, 0.028045, 0.031559, 0.022, 0.023176, 0.01031, 0.007676, 0.009529, 0.002554, 0.003359, 0.002525, 0.001477, 0.000693, 5.9e-05]",4754
70,1,7,PlayerBFMM,6,"[0.014961, 0.003914, 0.008478, 0.000765]",709,PlayerAB,5,"[0.026998, 0.070289, 0.054913]",3120
71,2,38,PlayerBFMM,6,"[0.014795, 0.007271, 0.018272, 0.021622, 0.045543, 0.009556, 0.040311, 0.009005, 0.065108, 0.006127, 0.012519, 0.004482, 0.005642, 0.004093, 0.002538, 0.002054, 0.002932, 0.003801, 0.001116]",5488,PlayerAB,6,"[0.179028, 0.069954, 0.210445, 0.45974, 0.47357, 0.410715, 0.13359, 0.323481, 0.208764, 0.058329, 0.021298, 0.018975, 0.00848, 0.012773, 0.010552, 0.00948, 0.004317, 0.001316, 0.000182]",49600
72,1,7,PlayerBFMM,1,"[0.000604, 0.000614, 0.000748, 0.000655]",61,PlayerMM,1,"[0.00038, 0.00039, 0.000402]",21
73,2,24,PlayerBFMM,1,"[0.000563, 0.000611, 0.0006, 0.000629, 0.000984, 0.001641, 0.001107, 0.000753, 0.000689, 0.000735, 0.000836, 0.000799]",194,PlayerMM,2,"[0.002843, 0.002865, 0.002957, 0.003162, 0.003156, 0.003166, 0.003377, 0.003353, 0.001879, 0.001243, 0.001355, 0.001245]",532
74,1,7,PlayerBFMM,1,"[0.00067, 0.000574, 0.000678, 0.000648]",61,PlayerMM,3,"[0.019687, 0.021131, 0.01973]",1197
75,2,40,PlayerBFMM,1,"[0.000602, 0.000654, 0.001531, 0.000836, 0.00084, 0.001962, 0.002977, 0.002345, 0.002009, 0.001105, 0.001212, 0.003115, 0.003017, 0.001301, 0.001249, 0.000646, 0.000536, 0.000553, 0.000566, 0.000363]",504,PlayerMM,4,"[0.148744, 0.15416, 0.149119, 0.154769, 0.15741, 0.152873, 0.168754, 0.172734, 0.17691, 0.16196, 0.160935, 0.156387, 0.127428, 0.0356, 0.007107, 0.004359, 0.001552, 0.001604, 0.000542, 4.4e-05]",34580
76,1,7,PlayerBFMM,1,"[0.000564, 0.000625, 0.000726, 0.000691]",61,PlayerMM,5,"[1.004287, 1.018273, 0.989604]",58788
77,2,24,PlayerBFMM,1,"[0.000619, 0.000659, 0.000645, 0.000652, 0.001032, 0.001644, 0.001568, 0.001772, 0.002162, 0.001281, 0.002865, 0.00519]",398,PlayerMM,6,"[7.132241, 7.297356, 7.447485, 7.434367, 7.423518, 7.492725, 7.336611, 7.960899, 8.492627, 7.353754, 7.138522, 6.777727]",1477730
78,1,7,PlayerBFMM,2,"[0.001228, 0.00195, 0.002424, 0.000693]",152,PlayerMM,1,"[0.000398, 0.000448, 0.000431]",21
79,2,24,PlayerBFMM,2,"[0.001489, 0.00208, 0.001597, 0.001295, 0.001394, 0.002256, 0.001592, 0.002632, 0.001013, 0.001471, 0.001292, 0.001405]",360,PlayerMM,2,"[0.002882, 0.003081, 0.003139, 0.003357, 0.003405, 0.003516, 0.003738, 0.003662, 0.001921, 0.001402, 0.001412, 0.001321]",532
80,1,7,PlayerBFMM,2,"[0.001138, 0.002013, 0.002163, 0.000716]",152,PlayerMM,3,"[0.02056, 0.020741, 0.020373]",1197
81,2,40,PlayerBFMM,2,"[0.001156, 0.001778, 0.002111, 0.001688, 0.001899, 0.002989, 0.00396, 0.003463, 0.002921, 0.002096, 0.00215, 0.004308, 0.004244, 0.002331, 0.001792, 0.001225, 0.000923, 0.000992, 0.000823, 0.000401]",749,PlayerMM,4,"[0.14953, 0.158251, 0.155937, 0.165186, 0.170041, 0.154837, 0.170937, 0.177432, 0.183903, 0.165532, 0.159705, 0.162841, 0.132855, 0.039457, 0.00749, 0.004479, 0.001684, 0.001588, 0.000605, 4.5e-05]",34580
82,1,7,PlayerBFMM,2,"[0.001178, 0.001938, 0.00255, 0.000696]",152,PlayerMM,5,"[1.004707, 1.099021, 0.998503]",58788
83,2,24,PlayerBFMM,2,"[0.001146, 0.001312, 0.001621, 0.000982, 0.001547, 0.00266, 0.004369, 0.004037, 0.002695, 0.002119, 0.002927, 0.005551]",645,PlayerMM,6,"[7.270382, 7.481714, 7.581597, 7.561115, 7.85052, 7.611091, 7.39351, 8.07058, 8.032258, 6.984944, 6.900757, 5.276892]",1459537
84,1,7,PlayerBFMM,3,"[0.001665, 0.002225, 0.002848, 0.000672]",187,PlayerMM,1,"[0.000396, 0.000406, 0.000417]",21
85,GameResult.TIE,42,PlayerBFMM,3,"[0.001647, 0.002224, 0.001806, 0.004102, 0.005666, 0.003904, 0.001859, 0.003468, 0.001718, 0.001695, 0.001672, 0.001839, 0.001874, 0.001866, 0.001672, 0.001435, 0.001486, 0.001682, 0.001684, 0.001118, 0.000481]",807,PlayerMM,2,"[0.002814, 0.002889, 0.003064, 0.003076, 0.003201, 0.003375, 0.00344, 0.002649, 0.002347, 0.001294, 0.001427, 0.001375, 0.001275, 0.000905, 0.000929, 0.000843, 0.000819, 0.000845, 0.000847, 0.000699, 5.1e-05]",619
86,1,7,PlayerBFMM,3,"[0.001611, 0.002222, 0.002819, 0.000676]",187,PlayerMM,3,"[0.019913, 0.020533, 0.020014]",1197
87,2,36,PlayerBFMM,3,"[0.001612, 0.001988, 0.002518, 0.001846, 0.002349, 0.005505, 0.004678, 0.004554, 0.003881, 0.002821, 0.008064, 0.012264, 0.00476, 0.003947, 0.002327, 0.001784, 0.001511, 0.001057]",1211,PlayerMM,4,"[0.145998, 0.147784, 0.153313, 0.160997, 0.166159, 0.155738, 0.178254, 0.180018, 0.180897, 0.15731, 0.153963, 0.14477, 0.086766, 0.074009, 0.018545, 0.005023, 0.001711, 0.001487]",34295
88,1,7,PlayerBFMM,3,"[0.001682, 0.002286, 0.002832, 0.000725]",187,PlayerMM,5,"[1.017774, 1.033228, 0.96713]",58788
89,1,25,PlayerBFMM,3,"[0.001614, 0.001614, 0.002195, 0.002895, 0.004042, 0.002367, 0.001876, 0.003329, 0.001722, 0.004489, 0.003809, 0.005845, 0.000649]",684,PlayerMM,6,"[7.558718, 7.939983, 8.018701, 7.629187, 7.43004, 3.182354, 1.152091, 1.097492, 1.310782, 1.097754, 1.10258, 1.091396]",834632
90,1,7,PlayerBFMM,4,"[0.010241, 0.00313, 0.003962, 0.000977]",453,PlayerMM,1,"[0.000459, 0.000408, 0.000695]",21
91,GameResult.TIE,42,PlayerBFMM,4,"[0.012063, 0.003462, 0.002484, 0.00492, 0.00604, 0.004271, 0.002902, 0.003834, 0.003784, 0.00589, 0.002125, 0.004986, 0.002555, 0.002366, 0.002175, 0.001808, 0.002023, 0.003566, 0.001949, 0.001094, 0.000491]",1319,PlayerMM,2,"[0.002904, 0.002887, 0.00309, 0.003145, 0.003263, 0.003515, 0.003535, 0.002703, 0.001981, 0.001372, 0.001401, 0.001401, 0.001302, 0.000865, 0.000875, 0.000864, 0.000835, 0.000863, 0.00087, 0.000718, 5.3e-05]",619
92,1,7,PlayerBFMM,4,"[0.010298, 0.003167, 0.003843, 0.000668]",453,PlayerMM,3,"[0.02068, 0.0209, 0.020291]",1197
93,2,36,PlayerBFMM,4,"[0.01021, 0.002465, 0.005713, 0.003224, 0.003222, 0.006483, 0.015021, 0.00804, 0.029605, 0.003671, 0.009002, 0.012943, 0.013648, 0.006615, 0.002583, 0.001929, 0.001499, 0.000961]",2456,PlayerMM,4,"[0.145147, 0.147317, 0.152351, 0.162586, 0.167033, 0.156117, 0.171682, 0.183738, 0.179446, 0.157788, 0.152927, 0.142559, 0.083205, 0.074702, 0.016604, 0.004684, 0.00157, 0.001486]",34295
94,1,7,PlayerBFMM,4,"[0.010016, 0.004311, 0.004161, 0.000779]",453,PlayerMM,5,"[1.027511, 1.052782, 1.007271]",58788
95,1,35,PlayerBFMM,4,"[0.010617, 0.004755, 0.003411, 0.002514, 0.005795, 0.003462, 0.00669, 0.00657, 0.008725, 0.016761, 0.027207, 0.018043, 0.009316, 0.014684, 0.076429, 0.020681, 0.005899, 0.003119]",4019,PlayerMM,6,"[7.412807, 7.483082, 7.616434, 6.330793, 6.41343, 6.971053, 6.476998, 6.808416, 7.107042, 7.207571, 7.193786, 7.503697, 5.959063, 5.39653, 3.952923, 1.135239, 0.216485]",1588205
96,1,7,PlayerBFMM,5,"[0.01069, 0.003476, 0.005156, 0.000801]",491,PlayerMM,1,"[0.000405, 0.000416, 0.000429]",21
97,2,36,PlayerBFMM,5,"[0.010897, 0.003491, 0.009512, 0.03202, 0.008604, 0.005208, 0.004296, 0.015366, 0.003971, 0.006183, 0.003141, 0.0052, 0.003047, 0.002834, 0.005244, 0.003624, 0.00401, 0.00282]",2478,PlayerMM,2,"[0.002992, 0.002958, 0.003071, 0.00315, 0.0032, 0.003424, 0.003472, 0.002733, 0.001931, 0.001295, 0.001392, 0.00138, 0.001274, 0.000965, 0.000881, 0.00085, 0.000824, 0.000354]",592
98,1,7,PlayerBFMM,5,"[0.010893, 0.003499, 0.005062, 0.000678]",491,PlayerMM,3,"[0.023146, 0.021785, 0.020858]",1197
99,2,40,PlayerBFMM,5,"[0.010943, 0.009094, 0.003813, 0.020964, 0.0128, 0.00973, 0.004833, 0.045349, 0.018169, 0.008722, 0.017445, 0.010269, 0.010205, 0.005689, 0.003746, 0.008127, 0.003186, 0.004012, 0.001768, 0.000409]",3770,PlayerMM,4,"[0.148782, 0.159324, 0.160113, 0.162725, 0.165436, 0.150815, 0.163639, 0.175141, 0.1766, 0.167961, 0.167756, 0.090065, 0.039389, 0.039356, 0.013663, 0.005405, 0.005377, 0.001759, 0.000715, 6e-05]",31291
100,1,7,PlayerBFMM,5,"[0.010815, 0.003965, 0.004944, 0.00085]",491,PlayerMM,5,"[1.027227, 1.068143, 1.011803]",58788
101,GameResult.TIE,42,PlayerBFMM,5,"[0.011053, 0.006747, 0.01729, 0.017811, 0.009714, 0.009351, 0.042433, 0.010763, 0.063143, 0.006092, 0.012367, 0.002264, 0.004221, 0.004804, 0.002235, 0.00196, 0.002779, 0.003463, 0.00113, 0.000648, 0.000338]",4332,PlayerMM,6,"[7.413953, 7.549519, 7.491603, 7.522383, 7.896905, 8.318335, 8.490668, 7.217588, 7.119389, 2.847092, 0.924811, 0.314952, 0.077292, 0.069067, 0.067028, 0.029468, 0.005814, 0.001155, 0.000164, 0.00011, 5.3e-05]",1196707
102,1,7,PlayerBFMM,6,"[0.015055, 0.003966, 0.008518, 0.000676]",709,PlayerMM,1,"[0.000397, 0.000406, 0.00042]",21
103,2,36,PlayerBFMM,6,"[0.015178, 0.00401, 0.010187, 0.031545, 0.008461, 0.005542, 0.004461, 0.0172, 0.014805, 0.006691, 0.00579, 0.00864, 0.003362, 0.003501, 0.005394, 0.003789, 0.007557, 0.002878]",2993,PlayerMM,2,"[0.003064, 0.003042, 0.003042, 0.00312, 0.003204, 0.003334, 0.00342, 0.002712, 0.001825, 0.001305, 0.001341, 0.00139, 0.001281, 0.000846, 0.000844, 0.000915, 0.001363, 0.000358]",592
104,1,7,PlayerBFMM,6,"[0.015869, 0.004436, 0.008831, 0.00071]",709,PlayerMM,3,"[0.02274, 0.022424, 0.02081]",1197
105,2,40,PlayerBFMM,6,"[0.015665, 0.008941, 0.02812, 0.067499, 0.013821, 0.01012, 0.0057, 0.079089, 0.020457, 0.036007, 0.017072, 0.010592, 0.01109, 0.005937, 0.004931, 0.008245, 0.004646, 0.004373, 0.00167, 0.000408]",6805,PlayerMM,4,"[0.151399, 0.155389, 0.154678, 0.156022, 0.162834, 0.155781, 0.157678, 0.164185, 0.170128, 0.169565, 0.166056, 0.085089, 0.03961, 0.038511, 0.013501, 0.005296, 0.005344, 0.001815, 0.000722, 6.1e-05]",31291
106,1,7,PlayerBFMM,6,"[0.019228, 0.003975, 0.009585, 0.00086]",709,PlayerMM,5,"[1.041668, 1.066703, 1.018431]",58788
107,2,38,PlayerBFMM,6,"[0.016214, 0.008188, 0.01757, 0.020072, 0.052218, 0.009756, 0.041378, 0.009032, 0.065334, 0.006354, 0.013018, 0.004115, 0.006375, 0.004662, 0.002649, 0.002213, 0.003132, 0.003817, 0.001113]",5488,PlayerMM,6,"[7.455547, 7.379834, 7.251127, 7.600539, 8.207134, 8.30979, 8.703856, 7.161274, 7.045994, 2.774428, 0.966188, 0.326806, 0.0764, 0.070811, 0.069684, 0.030658, 0.006226, 0.001185, 0.000366]",1196717
108,2,14,PlayerAB,1,"[0.000399, 0.000401, 0.000408, 0.000426, 0.000437, 0.000456, 0.000474]",49,PlayerBFMM,1,"[0.000921, 0.000926, 0.001769, 0.00123, 0.001432, 0.00127, 0.000681]",189
109,2,14,PlayerAB,1,"[0.000394, 0.000399, 0.000406, 0.000417, 0.000506, 0.000491, 0.000484]",49,PlayerBFMM,2,"[0.001373, 0.001216, 0.002105, 0.00223, 0.002522, 0.002424, 0.000686]",269
110,2,12,PlayerAB,1,"[0.000472, 0.000409, 0.000417, 0.000434, 0.00045, 0.00046]",42,PlayerBFMM,3,"[0.010154, 0.001653, 0.001842, 0.001496, 0.002076, 0.000509]",419
111,2,24,PlayerAB,1,"[0.000396, 0.000401, 0.000419, 0.000435, 0.000455, 0.000468, 0.000353, 0.000366, 0.000388, 0.000406, 0.000417, 0.000352]",71,PlayerBFMM,4,"[0.010244, 0.003621, 0.008865, 0.002844, 0.002477, 0.002425, 0.00796, 0.001837, 0.002243, 0.00323, 0.003902, 0.000539]",1022
112,2,12,PlayerAB,1,"[0.000405, 0.00041, 0.000421, 0.000435, 0.000438, 0.000454]",42,PlayerBFMM,5,"[0.015197, 0.003505, 0.011503, 0.029786, 0.014394, 0.000638]",1762
113,2,10,PlayerAB,1,"[0.000388, 0.000404, 0.000409, 0.000422, 0.000502]",35,PlayerBFMM,6,"[0.041155, 0.005897, 0.025514, 0.013987, 0.00131]",2120
114,1,23,PlayerAB,2,"[0.00096, 0.001412, 0.001306, 0.001353, 0.001758, 0.001948, 0.00349, 0.001288, 0.002049, 0.001681, 0.001509, 0.001904]",357,PlayerBFMM,1,"[0.00092, 0.001, 0.001835, 0.001283, 0.001385, 0.001261, 0.001517, 0.003022, 0.00272, 0.002611, 0.002325]",408
115,1,23,PlayerAB,2,"[0.000987, 0.001264, 0.001306, 0.001347, 0.0018, 0.001829, 0.003416, 0.001284, 0.002026, 0.001875, 0.001557, 0.002908]",360,PlayerBFMM,2,"[0.001333, 0.001257, 0.002096, 0.002054, 0.001721, 0.002414, 0.002051, 0.003975, 0.003809, 0.004051, 0.005093]",590
116,GameResult.TIE,42,PlayerAB,2,"[0.001177, 0.001084, 0.001388, 0.001072, 0.001481, 0.00101, 0.000759, 0.000851, 0.000819, 0.00065, 0.000922, 0.000734, 0.000863, 0.000852, 0.000849, 0.000415, 0.000422, 0.000495, 0.000357, 0.000369, 0.000131]",277,PlayerBFMM,3,"[0.010687, 0.001616, 0.001887, 0.001617, 0.001502, 0.00358, 0.001408, 0.001288, 0.002549, 0.001693, 0.003154, 0.002459, 0.002752, 0.001436, 0.001269, 0.001756, 0.0015, 0.002272, 0.001295, 0.000614, 0.000178]",792
117,2,38,PlayerAB,2,"[0.000952, 0.001077, 0.001312, 0.001019, 0.001371, 0.001037, 0.001037, 0.001059, 0.001345, 0.001313, 0.001401, 0.001117, 0.000637, 0.000684, 0.000681, 0.000409, 0.000423, 0.0008, 0.000139]",300,PlayerBFMM,4,"[0.010312, 0.003638, 0.008741, 0.001838, 0.003335, 0.003808, 0.006267, 0.004456, 0.00275, 0.002401, 0.003836, 0.003801, 0.001986, 0.001796, 0.001486, 0.001599, 0.001891, 0.002359, 0.000246]",1259
118,2,30,PlayerAB,2,"[0.001174, 0.0011, 0.001336, 0.001441, 0.002372, 0.002154, 0.002437, 0.001203, 0.002223, 0.001956, 0.002119, 0.002287, 0.002042, 0.002672, 0.002775]",463,PlayerBFMM,5,"[0.015672, 0.003575, 0.011624, 0.029828, 0.006001, 0.008342, 0.007399, 0.023279, 0.022526, 0.033297, 0.007256, 0.011113, 0.015546, 0.005438, 0.001226]",3878
119,2,32,PlayerAB,2,"[0.000951, 0.001203, 0.001305, 0.001848, 0.002516, 0.002035, 0.00148, 0.001541, 0.0016, 0.002475, 0.00149, 0.00091, 0.000715, 0.000694, 0.000698, 0.000695]",371,PlayerBFMM,6,"[0.040088, 0.005931, 0.025411, 0.062257, 0.02667, 0.025296, 0.044316, 0.02018, 0.011391, 0.027091, 0.004031, 0.004082, 0.013044, 0.005004, 0.001557, 0.000559]",6406
120,1,23,PlayerAB,3,"[0.003658, 0.005667, 0.00465, 0.005507, 0.006148, 0.006864, 0.014155, 0.006765, 0.011105, 0.007197, 0.006365, 0.006021]",1464,PlayerBFMM,1,"[0.000873, 0.001507, 0.001029, 0.001301, 0.001427, 0.001267, 0.001481, 0.003145, 0.003231, 0.002649, 0.002393]",401
121,1,23,PlayerAB,3,"[0.003646, 0.005391, 0.004229, 0.005612, 0.006198, 0.006878, 0.013986, 0.007232, 0.01048, 0.007579, 0.006348, 0.005175]",1446,PlayerBFMM,2,"[0.00134, 0.001867, 0.001268, 0.0021, 0.001727, 0.002417, 0.002231, 0.004597, 0.004026, 0.004316, 0.003587]",583
122,2,32,PlayerAB,3,"[0.003779, 0.00372, 0.004633, 0.005151, 0.005005, 0.003862, 0.005013, 0.004159, 0.004676, 0.0056, 0.005158, 0.006675, 0.003917, 0.004181, 0.00341, 0.002788]",1237,PlayerBFMM,3,"[0.010099, 0.001614, 0.002107, 0.001689, 0.001637, 0.003546, 0.006284, 0.002146, 0.002278, 0.002802, 0.00253, 0.001684, 0.001794, 0.002735, 0.0021, 0.000535]",890
123,2,32,PlayerAB,3,"[0.004721, 0.003741, 0.004544, 0.005056, 0.004657, 0.003969, 0.004189, 0.004134, 0.004586, 0.005857, 0.005138, 0.006679, 0.003855, 0.004103, 0.003372, 0.002698]",1237,PlayerBFMM,4,"[0.010382, 0.003636, 0.002469, 0.001999, 0.002073, 0.00386, 0.006311, 0.004413, 0.002686, 0.005975, 0.0047, 0.003518, 0.002248, 0.003432, 0.002047, 0.000533]",1180
124,2,16,PlayerAB,3,"[0.003608, 0.004103, 0.005318, 0.005627, 0.006839, 0.013906, 0.010835, 0.01267]",1150,PlayerBFMM,5,"[0.014792, 0.003549, 0.011414, 0.029368, 0.014067, 0.013877, 0.010823, 0.001026]",2282
125,2,8,PlayerAB,3,"[0.003595, 0.007103, 0.010084, 0.008112]",498,PlayerBFMM,6,"[0.038513, 0.052789, 0.055029, 0.000798]",3551
126,1,35,PlayerAB,4,"[0.007951, 0.017578, 0.022556, 0.02195, 0.031427, 0.035242, 0.118017, 0.016933, 0.030527, 0.018577, 0.040745, 0.050121, 0.021878, 0.013179, 0.005506, 0.003541, 0.002714, 0.000766]",7858,PlayerBFMM,1,"[0.000866, 0.000928, 0.001785, 0.001472, 0.001385, 0.001265, 0.001506, 0.003088, 0.002781, 0.0027, 0.002726, 0.002895, 0.002868, 0.002854, 0.001666, 0.000788, 0.000762]",591
127,1,35,PlayerAB,4,"[0.00784, 0.017476, 0.021286, 0.021634, 0.029823, 0.033434, 0.116886, 0.016876, 0.029758, 0.019084, 0.043632, 0.050064, 0.020245, 0.012487, 0.005445, 0.003424, 0.002711, 0.000804]",7858,PlayerBFMM,2,"[0.001351, 0.001224, 0.002079, 0.002062, 0.001725, 0.002366, 0.002101, 0.004191, 0.00372, 0.004672, 0.005211, 0.003729, 0.003581, 0.003481, 0.001714, 0.001135, 0.001057]",840
128,2,38,PlayerAB,4,"[0.007892, 0.01103, 0.022205, 0.013062, 0.014639, 0.013447, 0.013273, 0.021047, 0.006848, 0.01011, 0.011201, 0.012066, 0.016281, 0.029166, 0.008259, 0.00337, 0.00303, 0.00206, 0.000174]",3664,PlayerBFMM,3,"[0.009919, 0.001614, 0.002, 0.001566, 0.001502, 0.002579, 0.007684, 0.002434, 0.002301, 0.002266, 0.002743, 0.002629, 0.003997, 0.011612, 0.002703, 0.002234, 0.001676, 0.000676, 0.000362]",1089
129,2,36,PlayerAB,4,"[0.007982, 0.010974, 0.016206, 0.00976, 0.026363, 0.017447, 0.011681, 0.009937, 0.011979, 0.014119, 0.013742, 0.011037, 0.013684, 0.010525, 0.007214, 0.004505, 0.001206, 0.001123]",3753,PlayerBFMM,4,"[0.010226, 0.003571, 0.00867, 0.001783, 0.002601, 0.009171, 0.012499, 0.002554, 0.006544, 0.007686, 0.00643, 0.003084, 0.009764, 0.006487, 0.003333, 0.00183, 0.000954, 0.000382]",1811
130,GameResult.TIE,42,PlayerAB,4,"[0.007939, 0.013175, 0.019036, 0.020418, 0.041242, 0.100833, 0.054113, 0.060838, 0.036087, 0.028495, 0.038777, 0.027381, 0.037353, 0.019902, 0.010258, 0.004171, 0.001326, 0.000685, 0.000252, 0.000135, 8.1e-05]",8672,PlayerBFMM,5,"[0.015022, 0.003443, 0.011277, 0.030812, 0.014259, 0.014058, 0.054317, 0.027668, 0.011772, 0.056589, 0.00951, 0.014787, 0.048372, 0.004824, 0.003207, 0.00186, 0.001336, 0.001066, 0.000808, 0.000497, 0.000183]",5879
131,GameResult.TIE,42,PlayerAB,4,"[0.00803, 0.014573, 0.01956, 0.039709, 0.02613, 0.041969, 0.026555, 0.023293, 0.047295, 0.025474, 0.026378, 0.016824, 0.012607, 0.004688, 0.001484, 0.001497, 0.001114, 0.000839, 0.000217, 0.000141, 8.4e-05]",5809,PlayerBFMM,6,"[0.039906, 0.006243, 0.02636, 0.059532, 0.026851, 0.026089, 0.042354, 0.020459, 0.039743, 0.092243, 0.047886, 0.008906, 0.006085, 0.002221, 0.002383, 0.002, 0.001692, 0.001396, 0.000818, 0.000536, 0.000186]",8589
132,1,23,PlayerAB,5,"[0.121175, 0.07995, 0.062035, 0.034902, 0.054055, 0.060324, 0.06675, 0.033156, 0.02399, 0.045837, 0.05091, 0.034777]",12403,PlayerBFMM,1,"[0.000884, 0.001502, 0.001601, 0.00176, 0.001139, 0.001024, 0.002979, 0.00071, 0.00105, 0.001364, 0.00148]",278
133,1,25,PlayerAB,5,"[0.122878, 0.084094, 0.062888, 0.034837, 0.053514, 0.059871, 0.061557, 0.032367, 0.022236, 0.046743, 0.05258, 0.012852, 0.016938]",12379,PlayerBFMM,2,"[0.00177, 0.001759, 0.002003, 0.00186, 0.001847, 0.002853, 0.003914, 0.002783, 0.001515, 0.002607, 0.001728, 0.001818]",477
134,2,14,PlayerAB,5,"[0.117944, 0.112047, 0.088166, 0.0825, 0.048532, 0.078346, 0.043118]",10386,PlayerBFMM,3,"[0.012324, 0.002532, 0.001898, 0.001861, 0.002425, 0.003938, 0.000791]",582
135,2,10,PlayerAB,5,"[0.124415, 0.118105, 0.094242, 0.081017, 0.056377]",8579,PlayerBFMM,4,"[0.014609, 0.003113, 0.012247, 0.002884, 0.000775]",735
136,2,10,PlayerAB,5,"[0.126345, 0.120004, 0.091773, 0.080519, 0.056817]",8579,PlayerBFMM,5,"[0.050305, 0.003413, 0.013093, 0.003159, 0.000896]",1566
137,2,10,PlayerAB,5,"[0.116973, 0.108976, 0.091938, 0.082082, 0.059286]",8579,PlayerBFMM,6,"[0.043791, 0.02279, 0.013515, 0.004796, 0.000915]",2080
138,2,24,PlayerAB,6,"[0.060317, 0.263608, 0.428127, 0.29724, 0.519265, 0.468592, 0.893832, 0.233057, 0.5188, 0.234545, 0.284367, 0.110245]",80432,PlayerBFMM,1,"[0.001099, 0.000935, 0.00183, 0.001279, 0.001399, 0.001273, 0.001471, 0.003033, 0.002662, 0.002652, 0.002335, 0.001155]",428
139,1,23,PlayerAB,6,"[0.059339, 0.270344, 0.451718, 0.303926, 0.527097, 0.469307, 0.898078, 0.238862, 0.51499, 0.243765, 0.298886, 0.173644]",81322,PlayerBFMM,2,"[0.001418, 0.001311, 0.002158, 0.002075, 0.001753, 0.002427, 0.002115, 0.004133, 0.00369, 0.004432, 0.0037]",590
140,1,25,PlayerAB,6,"[0.0615, 0.074094, 0.215877, 0.134717, 0.162784, 0.303725, 0.50737, 0.546614, 0.650098, 0.360292, 0.509473, 0.492842, 1.163114]",88742,PlayerBFMM,3,"[0.012963, 0.001706, 0.001865, 0.001542, 0.001712, 0.008792, 0.041517, 0.006645, 0.005256, 0.019514, 0.005811, 0.004917]",2112
141,2,34,PlayerAB,6,"[0.061453, 0.070197, 0.218504, 0.161395, 0.107059, 0.084862, 0.062875, 0.07365, 0.131724, 0.091723, 0.067358, 0.078621, 0.013277, 0.011596, 0.009083, 0.002587, 0.002188]",25090,PlayerBFMM,4,"[0.010292, 0.003583, 0.009145, 0.002957, 0.003523, 0.003691, 0.006248, 0.004421, 0.004417, 0.00241, 0.003774, 0.003794, 0.001951, 0.001749, 0.001521, 0.001613, 0.000487]",1243
142,1,23,PlayerAB,6,"[0.061449, 0.171372, 0.321076, 0.198965, 0.236208, 0.813023, 1.419946, 0.233782, 0.23899, 0.131517, 0.064638, 0.118666]",72754,PlayerBFMM,5,"[0.014849, 0.003802, 0.011525, 0.011017, 0.012768, 0.003988, 0.004528, 0.062965, 0.014578, 0.012532, 0.001669]",3095
143,2,10,PlayerAB,6,"[0.062658, 0.178952, 0.501943, 0.539737, 0.738988]",39171,PlayerBFMM,6,"[0.041129, 0.006366, 0.025455, 0.014023, 0.001377]",2120
144,1,7,PlayerAB,1,"[0.0004, 0.0004, 0.000412, 0.000403]",28,PlayerAB,1,"[0.000396, 0.000408, 0.000426]",21
145,2,14,PlayerAB,1,"[0.000394, 0.000399, 0.000411, 0.000427, 0.000445, 0.000463, 0.000477]",49,PlayerAB,2,"[0.000964, 0.001672, 0.001634, 0.001527, 0.001802, 0.001485, 0.001173]",193
146,1,7,PlayerAB,1,"[0.000394, 0.000457, 0.000471, 0.000464]",28,PlayerAB,3,"[0.004078, 0.005581, 0.005531]",271
147,2,12,PlayerAB,1,"[0.000453, 0.000428, 0.000435, 0.000453, 0.000587, 0.000455]",42,PlayerAB,4,"[0.014499, 0.009608, 0.019593, 0.015677, 0.009828, 0.005165]",1459
148,1,7,PlayerAB,1,"[0.000404, 0.000403, 0.000411, 0.000401]",28,PlayerAB,5,"[0.028511, 0.071282, 0.055688]",3120
149,2,14,PlayerAB,1,"[0.000427, 0.000401, 0.000408, 0.000425, 0.000433, 0.000445, 0.000415]",48,PlayerAB,6,"[0.177619, 0.066392, 0.105405, 0.316385, 0.28585, 0.198237, 0.258676]",27957
150,1,19,PlayerAB,2,"[0.000936, 0.00096, 0.001196, 0.000836, 0.001077, 0.000969, 0.000748, 0.000778, 0.000807, 0.000528]",168,PlayerAB,1,"[0.000404, 0.000401, 0.000933, 0.000358, 0.00044, 0.000414, 0.00034, 0.000396, 0.00037]",54
151,2,42,PlayerAB,2,"[0.001094, 0.000972, 0.000965, 0.000829, 0.00086, 0.00134, 0.001253, 0.000976, 0.000995, 0.000852, 0.001082, 0.000695, 0.001044, 0.000721, 0.000908, 0.00056, 0.000356, 0.000367, 0.000555, 0.000454, 0.000198]",287,PlayerAB,2,"[0.001011, 0.001005, 0.000954, 0.001181, 0.000989, 0.001229, 0.000956, 0.001243, 0.000875, 0.000863, 0.000673, 0.000708, 0.001592, 0.001066, 0.001009, 0.000457, 0.000438, 0.000395, 0.000484, 0.000394, 4e-05]",286
152,2,32,PlayerAB,2,"[0.000946, 0.001031, 0.000981, 0.001263, 0.001325, 0.000898, 0.001838, 0.001708, 0.001695, 0.001386, 0.001424, 0.000815, 0.000706, 0.000884, 0.000987, 0.000508]",293,PlayerAB,3,"[0.003651, 0.004274, 0.004189, 0.004203, 0.003145, 0.005234, 0.004813, 0.006566, 0.003823, 0.005821, 0.005332, 0.00148, 0.002789, 0.002287, 0.001261, 0.00184]",975
153,GameResult.TIE,42,PlayerAB,2,"[0.001857, 0.00172, 0.001304, 0.002253, 0.001244, 0.002018, 0.000911, 0.001238, 0.000889, 0.001022, 0.000731, 0.000668, 0.001004, 0.000963, 0.000982, 0.000518, 0.000468, 0.000379, 0.000389, 0.000387, 0.000135]",290,PlayerAB,4,"[0.015258, 0.010181, 0.023957, 0.019025, 0.018643, 0.013945, 0.00913, 0.006366, 0.00483, 0.004481, 0.004922, 0.006221, 0.005757, 0.006502, 0.003204, 0.001626, 0.002053, 0.001059, 0.001353, 0.00016, 6.3e-05]",2497
154,1,29,PlayerAB,2,"[0.001265, 0.00103, 0.001015, 0.001027, 0.001363, 0.000939, 0.001347, 0.001046, 0.001316, 0.000842, 0.000688, 0.000798, 0.000674, 0.000904, 0.00056]",249,PlayerAB,5,"[0.030684, 0.035193, 0.089209, 0.033851, 0.030997, 0.036069, 0.032817, 0.027742, 0.025129, 0.00837, 0.01009, 0.005163, 0.008016, 0.009452]",6790
155,2,22,PlayerAB,2,"[0.001018, 0.001072, 0.00181, 0.001471, 0.001397, 0.002676, 0.002463, 0.001984, 0.00357, 0.002116, 0.002545]",364,PlayerAB,6,"[0.177472, 0.080172, 0.134137, 0.349568, 0.527862, 0.588512, 0.377637, 0.572318, 0.728764, 0.462304, 1.338619]",92991
156,1,7,PlayerAB,3,"[0.003616, 0.005242, 0.007291, 0.004043]",418,PlayerAB,1,"[0.000402, 0.000412, 0.000503]",21
157,1,29,PlayerAB,3,"[0.003638, 0.005303, 0.005295, 0.005247, 0.006345, 0.00548, 0.005979, 0.005123, 0.00296, 0.002934, 0.003765, 0.004379, 0.003001, 0.003208, 0.001314]",1131,PlayerAB,2,"[0.000954, 0.001666, 0.001626, 0.001377, 0.001436, 0.001594, 0.001724, 0.001357, 0.000837, 0.001104, 0.001463, 0.000936, 0.001081, 0.001263]",312
158,1,7,PlayerAB,3,"[0.003634, 0.005723, 0.006614, 0.003982]",418,PlayerAB,3,"[0.003711, 0.004956, 0.004856]",271
159,2,12,PlayerAB,3,"[0.003641, 0.004067, 0.005258, 0.005676, 0.005087, 0.004119]",542,PlayerAB,4,"[0.013103, 0.008798, 0.018094, 0.014828, 0.010977, 0.005798]",1459
160,1,7,PlayerAB,3,"[0.003716, 0.005407, 0.00692, 0.004395]",418,PlayerAB,5,"[0.028751, 0.074128, 0.05847]",3120
161,2,34,PlayerAB,3,"[0.003721, 0.003695, 0.004532, 0.006838, 0.008917, 0.012868, 0.00898, 0.004708, 0.010544, 0.009068, 0.00527, 0.006748, 0.006333, 0.008025, 0.007525, 0.005213, 0.003167]",1911,PlayerAB,6,"[0.178931, 0.066089, 0.218921, 0.484272, 0.814586, 0.417637, 0.138477, 0.338169, 0.1619, 0.086704, 0.038721, 0.134396, 0.199496, 0.279109, 0.144131, 0.06216, 0.007488]",70839
162,1,9,PlayerAB,4,"[0.007922, 0.008791, 0.011793, 0.016629, 0.012937]",1269,PlayerAB,1,"[0.000396, 0.000404, 0.000468, 0.000424]",28
163,GameResult.TIE,42,PlayerAB,4,"[0.007788, 0.008375, 0.011707, 0.016146, 0.026576, 0.020857, 0.024475, 0.015275, 0.005059, 0.004551, 0.004727, 0.002172, 0.003527, 0.002281, 0.002425, 0.002795, 0.001516, 0.001135, 0.000937, 0.000438, 0.000132]",3003,PlayerAB,2,"[0.000959, 0.001035, 0.001725, 0.001523, 0.00207, 0.001516, 0.001555, 0.000998, 0.00077, 0.000674, 0.000707, 0.000571, 0.000521, 0.000904, 0.000566, 0.000751, 0.000441, 0.000365, 0.000357, 0.000378, 5e-05]",306
164,1,17,PlayerAB,4,"[0.007828, 0.008316, 0.012629, 0.017033, 0.02004, 0.024833, 0.011374, 0.014181, 0.015913]",2467,PlayerAB,3,"[0.00416, 0.004084, 0.004821, 0.006277, 0.008046, 0.007361, 0.004928, 0.005639]",822
165,2,32,PlayerAB,4,"[0.007882, 0.012876, 0.020379, 0.02054, 0.012035, 0.022817, 0.013425, 0.008882, 0.006808, 0.006049, 0.006095, 0.006881, 0.009457, 0.004512, 0.002972, 0.001945]",3065,PlayerAB,4,"[0.013136, 0.008795, 0.019114, 0.014702, 0.014391, 0.019957, 0.013765, 0.008604, 0.003728, 0.007496, 0.006448, 0.006359, 0.005119, 0.002812, 0.002722, 0.001702]",2849
166,1,15,PlayerAB,4,"[0.00798, 0.008389, 0.011673, 0.018148, 0.013854, 0.021569, 0.018486, 0.018147]",2460,PlayerAB,5,"[0.027615, 0.032053, 0.077636, 0.081355, 0.079693, 0.127026, 0.079774]",9773
167,2,38,PlayerAB,4,"[0.008028, 0.010943, 0.015907, 0.012202, 0.029071, 0.017956, 0.036503, 0.04528, 0.055715, 0.052092, 0.024503, 0.017724, 0.020113, 0.023814, 0.01603, 0.006405, 0.003039, 0.001188, 0.000505]",6521,PlayerAB,6,"[0.175921, 0.065514, 0.105733, 0.315014, 0.271069, 0.275581, 0.367632, 0.512788, 1.072279, 0.714019, 0.199506, 0.299302, 0.330535, 0.318384, 0.033927, 0.022259, 0.002032, 0.001995, 7.9e-05]",82382
168,1,7,PlayerAB,5,"[0.120628, 0.11474, 0.037334, 0.027953]",6098,PlayerAB,1,"[0.000399, 0.000412, 0.000428]",21
169,2,24,PlayerAB,5,"[0.117846, 0.113843, 0.072148, 0.066003, 0.086565, 0.050314, 0.077434, 0.114609, 0.035912, 0.023028, 0.010331, 0.006999]",14012,PlayerAB,2,"[0.000963, 0.00132, 0.002107, 0.001176, 0.002002, 0.002538, 0.001234, 0.00182, 0.001208, 0.000837, 0.000916, 0.000615]",282
170,1,7,PlayerAB,5,"[0.121303, 0.113902, 0.039875, 0.030236]",6098,PlayerAB,3,"[0.004334, 0.004399, 0.003824]",237
171,2,12,PlayerAB,5,"[0.125663, 0.115322, 0.070427, 0.111697, 0.074482, 0.073785]",10598,PlayerAB,4,"[0.018412, 0.021187, 0.030398, 0.052325, 0.020744, 0.013874]",2882
172,1,9,PlayerAB,5,"[0.127148, 0.11298, 0.07413, 0.113561, 0.086265]",9798,PlayerAB,5,"[0.061785, 0.048141, 0.065486, 0.040122]",3971
173,2,26,PlayerAB,5,"[0.131263, 0.103879, 0.085844, 0.079217, 0.048283, 0.076654, 0.049842, 0.034894, 0.012095, 0.015736, 0.014648, 0.010569, 0.010459]",12395,PlayerAB,6,"[0.331615, 0.240018, 0.19618, 0.080293, 0.179547, 0.12234, 0.136172, 0.061058, 0.037882, 0.03764, 0.03481, 0.029271, 0.025778]",28915
174,1,9,PlayerAB,6,"[0.058839, 0.059246, 0.184437, 0.195247, 0.132214]",14326,PlayerAB,1,"[0.000396, 0.000402, 0.00041, 0.000424]",28
175,2,40,PlayerAB,6,"[0.058528, 0.059468, 0.189446, 0.229841, 0.420152, 0.304856, 0.326317, 0.16806, 0.027637, 0.053357, 0.043434, 0.045935, 0.043358, 0.020337, 0.007104, 0.00971, 0.004323, 0.001712, 0.00072, 9.8e-05]",35928,PlayerAB,2,"[0.000964, 0.000976, 0.001669, 0.001492, 0.001856, 0.001561, 0.001582, 0.001065, 0.00089, 0.000966, 0.00091, 0.000707, 0.000727, 0.000836, 0.000673, 0.000674, 0.000755, 0.000378, 0.000155, 0.00013]",314
176,1,17,PlayerAB,6,"[0.058809, 0.059393, 0.18338, 0.197247, 0.194147, 0.281194, 0.109628, 0.156033, 0.107394]",26038,PlayerAB,3,"[0.003638, 0.004089, 0.004502, 0.00642, 0.007639, 0.008009, 0.006037, 0.005736]",822
177,2,34,PlayerAB,6,"[0.058557, 0.171877, 0.331326, 0.192681, 0.233906, 0.867561, 1.477968, 0.494394, 0.721283, 0.305854, 0.151595, 0.117648, 0.027039, 0.015337, 0.0082, 0.002601, 0.001887]",90440,PlayerAB,4,"[0.013014, 0.008764, 0.020034, 0.015935, 0.019519, 0.025769, 0.016563, 0.02385, 0.027609, 0.013192, 0.018395, 0.00857, 0.003257, 0.004125, 0.003026, 0.001065, 0.000732]",3979
178,1,15,PlayerAB,6,"[0.061843, 0.063221, 0.193903, 0.270968, 0.125628, 0.105837, 0.2439, 0.212716]",27138,PlayerAB,5,"[0.029381, 0.036885, 0.079433, 0.081286, 0.032387, 0.055033, 0.088367]",7762
179,2,32,PlayerAB,6,"[0.061474, 0.077341, 0.217742, 0.133493, 0.664887, 0.290985, 0.231243, 0.125249, 0.11467, 0.140244, 0.242054, 0.173596, 0.177713, 0.084427, 0.020256, 0.003751]",50562,PlayerAB,6,"[0.185254, 0.068928, 0.109623, 0.327696, 0.330963, 0.257301, 0.214861, 0.186857, 0.098293, 0.146525, 0.14153, 0.132159, 0.062104, 0.048414, 0.006359, 0.003291]",43518
180,1,7,PlayerAB,1,"[0.00041, 0.000481, 0.00042, 0.000413]",28,PlayerMM,1,"[0.000405, 0.000413, 0.000525]",21
181,2,14,PlayerAB,1,"[0.000413, 0.000409, 0.000488, 0.000437, 0.000454, 0.000473, 0.000487]",49,PlayerMM,2,"[0.002933, 0.002972, 0.003068, 0.003246, 0.003342, 0.003478, 0.003199]",390
182,1,7,PlayerAB,1,"[0.000396, 0.000402, 0.000411, 0.000403]",28,PlayerMM,3,"[0.020297, 0.020456, 0.021221]",1197
183,2,12,PlayerAB,1,"[0.000394, 0.000404, 0.000532, 0.000439, 0.000472, 0.00061]",42,PlayerMM,4,"[0.150107, 0.157903, 0.166036, 0.16825, 0.174551, 0.128194]",16229
184,1,7,PlayerAB,1,"[0.000407, 0.000413, 0.000415, 0.000441]",28,PlayerMM,5,"[1.098621, 1.075473, 0.984859]",58788
185,2,14,PlayerAB,1,"[0.000395, 0.000434, 0.000445, 0.000453, 0.000438, 0.000447, 0.000399]",48,PlayerMM,6,"[7.478901, 7.636223, 7.76782, 7.561086, 6.255661, 3.203285, 3.025039]",759796
186,1,19,PlayerAB,2,"[0.000971, 0.000981, 0.001035, 0.000849, 0.000948, 0.00098, 0.000766, 0.000802, 0.000827, 0.000543]",168,PlayerMM,1,"[0.000405, 0.000408, 0.000414, 0.0005, 0.000463, 0.000397, 0.000346, 0.000427, 0.000379]",54
187,2,42,PlayerAB,2,"[0.000963, 0.000982, 0.000989, 0.000848, 0.00088, 0.001224, 0.001272, 0.001002, 0.001055, 0.000995, 0.001284, 0.000754, 0.001129, 0.000809, 0.000924, 0.00057, 0.000365, 0.000376, 0.000468, 0.000565, 0.000202]",287,PlayerMM,2,"[0.002985, 0.002953, 0.002956, 0.002296, 0.002389, 0.00247, 0.002676, 0.002621, 0.002293, 0.001496, 0.001793, 0.001865, 0.001506, 0.001667, 0.001503, 0.00082, 0.000446, 0.000459, 0.000485, 0.000511, 4.1e-05]",559
188,2,32,PlayerAB,2,"[0.000968, 0.000982, 0.000992, 0.001355, 0.001295, 0.00092, 0.001775, 0.001481, 0.001657, 0.001052, 0.00143, 0.000824, 0.000526, 0.000996, 0.000723, 0.000513]",293,PlayerMM,3,"[0.020727, 0.020922, 0.020298, 0.013848, 0.014321, 0.014822, 0.015918, 0.016459, 0.016991, 0.016631, 0.014735, 0.005053, 0.002635, 0.002487, 0.002587, 0.002483]",3396
189,GameResult.TIE,42,PlayerAB,2,"[0.000955, 0.001234, 0.001313, 0.00158, 0.0011, 0.001735, 0.000868, 0.000791, 0.000825, 0.000913, 0.000699, 0.000619, 0.000851, 0.0009, 0.000967, 0.000465, 0.000464, 0.000353, 0.000363, 0.000363, 7.8e-05]",290,PlayerMM,4,"[0.148698, 0.14931, 0.15315, 0.156222, 0.150995, 0.092167, 0.04752, 0.049305, 0.042538, 0.021982, 0.021511, 0.019998, 0.017057, 0.018084, 0.005349, 0.001822, 0.001782, 0.001494, 0.001325, 0.000104, 5.6e-05]",19185
190,1,29,PlayerAB,2,"[0.000952, 0.001179, 0.000973, 0.000992, 0.0013, 0.000956, 0.001546, 0.001095, 0.001271, 0.000775, 0.00069, 0.000782, 0.000674, 0.000826, 0.000558]",249,PlayerMM,5,"[1.040665, 1.038269, 0.896849, 0.507092, 0.519469, 0.542454, 0.556739, 0.557941, 0.395144, 0.087943, 0.088952, 0.05791, 0.021884, 0.020782]",112124
191,2,22,PlayerAB,2,"[0.001037, 0.001084, 0.00148, 0.001061, 0.001383, 0.002542, 0.002395, 0.001979, 0.003487, 0.002175, 0.002603]",364,PlayerMM,6,"[7.289187, 7.401122, 7.637634, 7.527785, 7.392318, 7.508265, 6.374159, 6.315459, 6.725276, 6.855355, 7.340679]",1316433
192,1,7,PlayerAB,3,"[0.003725, 0.005553, 0.006713, 0.004281]",418,PlayerMM,1,"[0.000394, 0.000405, 0.000418]",21
193,1,29,PlayerAB,3,"[0.003727, 0.005403, 0.005503, 0.005826, 0.006709, 0.005763, 0.005897, 0.004847, 0.002935, 0.003053, 0.003743, 0.004322, 0.002908, 0.003167, 0.001326]",1131,PlayerMM,2,"[0.002875, 0.00295, 0.003054, 0.003088, 0.003236, 0.003565, 0.003419, 0.002652, 0.002001, 0.001903, 0.002048, 0.001963, 0.001392, 0.001412]",588
194,1,7,PlayerAB,3,"[0.00363, 0.005302, 0.006646, 0.004315]",418,PlayerMM,3,"[0.020311, 0.020792, 0.02017]",1197
195,2,12,PlayerAB,3,"[0.003674, 0.00474, 0.005853, 0.005807, 0.007922, 0.003742]",542,PlayerMM,4,"[0.145582, 0.173896, 0.167875, 0.163262, 0.189627, 0.131901]",16229
196,1,7,PlayerAB,3,"[0.003967, 0.005897, 0.007037, 0.004063]",418,PlayerMM,5,"[1.075213, 1.093785, 1.01671]",58788
197,2,34,PlayerAB,3,"[0.003726, 0.00366, 0.004609, 0.006747, 0.008785, 0.012689, 0.008368, 0.004701, 0.010381, 0.009314, 0.005738, 0.007104, 0.007545, 0.007624, 0.007799, 0.005175, 0.002907]",1911,PlayerMM,6,"[7.579451, 7.48649, 7.58681, 7.616283, 6.786222, 8.345858, 8.680225, 7.065968, 5.7403, 4.832604, 2.032143, 0.86718, 0.855239, 0.87892, 0.543544, 0.266705, 0.023232]",1258061
198,1,9,PlayerAB,4,"[0.00781, 0.008393, 0.01201, 0.017679, 0.012969]",1269,PlayerMM,1,"[0.000395, 0.000399, 0.000791, 0.000422]",28
199,GameResult.TIE,42,PlayerAB,4,"[0.007821, 0.008509, 0.012292, 0.015833, 0.028071, 0.020268, 0.025122, 0.016275, 0.005185, 0.004815, 0.004769, 0.002231, 0.00357, 0.002273, 0.00242, 0.002879, 0.00177, 0.001133, 0.000872, 0.000501, 0.000129]",3003,PlayerMM,2,"[0.002823, 0.002899, 0.003042, 0.003074, 0.003302, 0.003914, 0.003891, 0.002686, 0.0022, 0.001379, 0.001761, 0.001289, 0.000879, 0.000835, 0.000839, 0.001056, 0.000443, 0.000456, 0.000453, 0.000375, 5.1e-05]",591
200,1,17,PlayerAB,4,"[0.007882, 0.008457, 0.011609, 0.016487, 0.019881, 0.023944, 0.011183, 0.014765, 0.017857]",2467,PlayerMM,3,"[0.020466, 0.02038, 0.020984, 0.019409, 0.021833, 0.022963, 0.015391, 0.017698]",2847
201,2,32,PlayerAB,4,"[0.00938, 0.013595, 0.023441, 0.02172, 0.014231, 0.024599, 0.014336, 0.008714, 0.00678, 0.006114, 0.006134, 0.006997, 0.010442, 0.004857, 0.003195, 0.002085]",3065,PlayerMM,4,"[0.153535, 0.171307, 0.166654, 0.166564, 0.15633, 0.161694, 0.089837, 0.085935, 0.042792, 0.022389, 0.025093, 0.023261, 0.023511, 0.022944, 0.020276, 0.006764]",21687
202,1,15,PlayerAB,4,"[0.008242, 0.008984, 0.012756, 0.018317, 0.015255, 0.021191, 0.018532, 0.017963]",2460,PlayerMM,5,"[1.073995, 1.103414, 1.067588, 1.135604, 0.930939, 0.939767, 0.931573]",127380
203,2,38,PlayerAB,4,"[0.00912, 0.011296, 0.018306, 0.01312, 0.030907, 0.022718, 0.043034, 0.04663, 0.06275, 0.047802, 0.023901, 0.018804, 0.017664, 0.019461, 0.016896, 0.007093, 0.004591, 0.001362, 0.000569]",6521,PlayerMM,6,"[7.562999, 7.626892, 8.137416, 8.239003, 8.290879, 6.865473, 6.995925, 6.736025, 7.349767, 7.46066, 5.84885, 2.56467, 1.793936, 0.835829, 0.103259, 0.101588, 0.005096, 0.002488, 8.7e-05]",1351438
204,1,7,PlayerAB,5,"[0.126457, 0.136295, 0.045255, 0.029116]",6098,PlayerMM,1,"[0.000417, 0.000432, 0.000457]",21
205,2,24,PlayerAB,5,"[0.124037, 0.109342, 0.070159, 0.06881, 0.087362, 0.051142, 0.077973, 0.113667, 0.035129, 0.022552, 0.010417, 0.006753]",14012,PlayerMM,2,"[0.002979, 0.002989, 0.002992, 0.003104, 0.003492, 0.003629, 0.00357, 0.002725, 0.002055, 0.001993, 0.001322, 0.001302]",532
206,1,7,PlayerAB,5,"[0.115499, 0.109662, 0.037385, 0.028125]",6098,PlayerMM,3,"[0.019901, 0.020634, 0.020439]",1197
207,2,12,PlayerAB,5,"[0.115735, 0.109029, 0.069724, 0.117127, 0.060649, 0.066967]",10598,PlayerMM,4,"[0.143832, 0.146898, 0.158203, 0.145747, 0.163832, 0.148472]",16794
208,1,9,PlayerAB,5,"[0.114899, 0.108215, 0.070937, 0.112475, 0.082737]",9798,PlayerMM,5,"[1.026523, 1.050189, 1.10205, 1.041288]",78362
209,2,26,PlayerAB,5,"[0.114806, 0.103893, 0.086656, 0.07935, 0.047809, 0.081541, 0.049401, 0.034735, 0.012017, 0.015544, 0.01528, 0.009531, 0.010453]",12395,PlayerMM,6,"[7.19776, 7.395739, 7.694433, 7.94226, 8.35831, 8.074228, 3.291979, 1.200833, 0.824072, 0.3203, 0.349682, 0.35172, 0.303404]",914809
210,1,9,PlayerAB,6,"[0.058539, 0.059076, 0.184145, 0.198526, 0.142952]",14326,PlayerMM,1,"[0.000396, 0.000403, 0.000411, 0.000429]",28
211,2,40,PlayerAB,6,"[0.059643, 0.060229, 0.183589, 0.218005, 0.414988, 0.273015, 0.325387, 0.159819, 0.025073, 0.047567, 0.041594, 0.043069, 0.042383, 0.018762, 0.006945, 0.009497, 0.004245, 0.001614, 0.000705, 9.7e-05]",35928,PlayerMM,2,"[0.002873, 0.002888, 0.003057, 0.00304, 0.003191, 0.00341, 0.003642, 0.002635, 0.001867, 0.001332, 0.00135, 0.001338, 0.001305, 0.001387, 0.001341, 0.000831, 0.000824, 0.000369, 0.000152, 0.000128]",608
212,1,17,PlayerAB,6,"[0.058976, 0.059491, 0.186496, 0.196238, 0.199667, 0.270362, 0.100415, 0.145718, 0.106847]",26038,PlayerMM,3,"[0.019935, 0.020257, 0.02079, 0.019362, 0.021528, 0.021904, 0.015286, 0.015276]",2847
213,2,34,PlayerAB,6,"[0.058632, 0.170487, 0.303235, 0.190164, 0.235615, 0.816183, 1.430709, 0.504251, 0.735965, 0.305918, 0.153229, 0.118184, 0.027246, 0.015917, 0.008379, 0.002469, 0.001974]",90440,PlayerMM,4,"[0.143158, 0.146105, 0.163208, 0.159872, 0.160309, 0.151541, 0.156321, 0.162285, 0.164217, 0.102201, 0.093797, 0.04529, 0.024339, 0.019898, 0.007577, 0.00191, 0.00162]",28264
214,1,15,PlayerAB,6,"[0.061117, 0.059509, 0.183354, 0.268905, 0.139053, 0.112992, 0.278124, 0.200066]",27138,PlayerMM,5,"[1.010468, 1.058941, 1.034393, 1.20017, 1.082691, 0.871232, 0.83897]",122204
215,2,32,PlayerAB,6,"[0.059161, 0.07051, 0.221086, 0.136725, 0.63538, 0.295057, 0.244295, 0.12675, 0.117275, 0.132877, 0.239794, 0.186403, 0.177561, 0.090223, 0.02226, 0.003733]",50562,PlayerMM,6,"[7.391611, 7.8482, 7.921477, 7.710429, 7.72157, 7.526355, 6.20553, 3.031496, 1.03165, 1.109896, 1.129071, 0.805328, 0.630458, 0.270732, 0.022526, 0.005725]",1034363
216,2,14,PlayerMM,1,"[0.000406, 0.000408, 0.000414, 0.000428, 0.000457, 0.000462, 0.000483]",49,PlayerBFMM,1,"[0.000897, 0.000949, 0.00182, 0.001258, 0.001418, 0.001288, 0.000712]",189
217,2,14,PlayerMM,1,"[0.000404, 0.000408, 0.000417, 0.000428, 0.000444, 0.000463, 0.000489]",49,PlayerBFMM,2,"[0.001367, 0.001264, 0.002123, 0.002116, 0.001761, 0.002413, 0.000705]",269
218,2,12,PlayerMM,1,"[0.000402, 0.000472, 0.000477, 0.000498, 0.000515, 0.000557]",42,PlayerBFMM,3,"[0.010945, 0.001857, 0.002118, 0.001708, 0.003823, 0.000532]",419
219,2,24,PlayerMM,1,"[0.000413, 0.000437, 0.00052, 0.000414, 0.000435, 0.000443, 0.000335, 0.000346, 0.000367, 0.000419, 0.000392, 0.000335]",71,PlayerBFMM,4,"[0.012021, 0.004658, 0.009353, 0.002803, 0.002878, 0.002118, 0.007799, 0.001795, 0.002142, 0.003257, 0.003799, 0.000735]",1022
220,2,12,PlayerMM,1,"[0.000467, 0.000393, 0.0004, 0.000414, 0.000448, 0.000546]",42,PlayerBFMM,5,"[0.016207, 0.003423, 0.011189, 0.030847, 0.0146, 0.000637]",1762
221,2,10,PlayerMM,1,"[0.000403, 0.00041, 0.000417, 0.000421, 0.000443]",35,PlayerBFMM,6,"[0.039353, 0.00594, 0.025668, 0.013375, 0.001231]",2120
222,1,23,PlayerMM,2,"[0.002809, 0.002853, 0.002942, 0.003032, 0.003179, 0.003515, 0.003414, 0.00387, 0.003373, 0.003453, 0.003458, 0.002953]",650,PlayerBFMM,1,"[0.000869, 0.000927, 0.001755, 0.001227, 0.001386, 0.001426, 0.001465, 0.002945, 0.002763, 0.00268, 0.002254]",408
223,1,23,PlayerMM,2,"[0.00283, 0.002963, 0.003043, 0.003339, 0.003147, 0.003317, 0.003662, 0.003793, 0.004029, 0.004099, 0.003788, 0.003507]",650,PlayerBFMM,2,"[0.001335, 0.001502, 0.002119, 0.002297, 0.002135, 0.002464, 0.002131, 0.004399, 0.003618, 0.005207, 0.003975]",590
224,GameResult.TIE,42,PlayerMM,2,"[0.003159, 0.00335, 0.003806, 0.003829, 0.003333, 0.003305, 0.001988, 0.001972, 0.002236, 0.001594, 0.001328, 0.001381, 0.001938, 0.001339, 0.001551, 0.000432, 0.000562, 0.000454, 0.000472, 0.000374, 0.000132]",573,PlayerBFMM,3,"[0.012652, 0.001737, 0.001957, 0.00186, 0.00154, 0.003799, 0.001873, 0.001591, 0.002955, 0.001821, 0.00353, 0.002055, 0.002574, 0.001796, 0.00108, 0.002343, 0.001808, 0.003129, 0.001261, 0.000715, 0.000181]",792
225,2,38,PlayerMM,2,"[0.003152, 0.003199, 0.003096, 0.003165, 0.003287, 0.003293, 0.001821, 0.00195, 0.00191, 0.002078, 0.002101, 0.0019, 0.000883, 0.000833, 0.000862, 0.000454, 0.000427, 0.000437, 0.000135]",567,PlayerBFMM,4,"[0.01088, 0.004104, 0.009276, 0.001836, 0.003442, 0.003937, 0.006706, 0.004638, 0.002916, 0.00246, 0.004022, 0.004015, 0.002235, 0.001924, 0.001643, 0.00164, 0.001455, 0.001078, 0.000243]",1259
226,2,30,PlayerMM,2,"[0.002996, 0.003059, 0.00303, 0.003785, 0.003689, 0.003383, 0.003455, 0.003675, 0.003728, 0.004165, 0.004257, 0.003238, 0.003705, 0.003182, 0.003227]",771,PlayerBFMM,5,"[0.015907, 0.003651, 0.011941, 0.031932, 0.0064, 0.008767, 0.007382, 0.025439, 0.025943, 0.036997, 0.007672, 0.011904, 0.017443, 0.006011, 0.00129]",3878
227,2,32,PlayerMM,2,"[0.002993, 0.003598, 0.003147, 0.003361, 0.003304, 0.003462, 0.003592, 0.003626, 0.003717, 0.003574, 0.002856, 0.00148, 0.00139, 0.00091, 0.000986, 0.000946]",673,PlayerBFMM,6,"[0.042506, 0.006807, 0.028124, 0.062218, 0.027193, 0.026245, 0.044451, 0.019788, 0.01138, 0.028896, 0.004865, 0.00409, 0.017077, 0.005373, 0.001593, 0.000523]",6406
228,1,23,PlayerMM,3,"[0.021533, 0.021875, 0.022223, 0.022345, 0.02252, 0.027205, 0.024665, 0.025441, 0.022455, 0.023905, 0.023417, 0.013743]",4483,PlayerBFMM,1,"[0.00094, 0.001616, 0.001032, 0.00126, 0.001421, 0.001307, 0.001464, 0.003106, 0.002728, 0.003761, 0.002408]",401
229,1,23,PlayerMM,3,"[0.020842, 0.021651, 0.021971, 0.023566, 0.023685, 0.026309, 0.026011, 0.026658, 0.025055, 0.024317, 0.024402, 0.015378]",4483,PlayerBFMM,2,"[0.001549, 0.002673, 0.001248, 0.00228, 0.00185, 0.002535, 0.002169, 0.005037, 0.004318, 0.00486, 0.00368]",583
230,2,32,PlayerMM,3,"[0.02162, 0.024268, 0.027877, 0.025933, 0.026111, 0.016694, 0.010583, 0.010397, 0.011262, 0.012531, 0.011325, 0.010845, 0.009895, 0.006236, 0.005081, 0.005035]",3547,PlayerBFMM,3,"[0.010518, 0.002312, 0.002493, 0.002045, 0.001778, 0.004026, 0.006718, 0.002471, 0.002838, 0.003655, 0.00287, 0.001897, 0.00173, 0.002934, 0.002227, 0.000573]",890
231,2,32,PlayerMM,3,"[0.021487, 0.02201, 0.025577, 0.027827, 0.027732, 0.01783, 0.010496, 0.011221, 0.011538, 0.011408, 0.010453, 0.010492, 0.009788, 0.005835, 0.005022, 0.004984]",3547,PlayerBFMM,4,"[0.010991, 0.003999, 0.003515, 0.002475, 0.002556, 0.004773, 0.007997, 0.005564, 0.003439, 0.006311, 0.005049, 0.003738, 0.002402, 0.003696, 0.002182, 0.000568]",1180
232,2,16,PlayerMM,3,"[0.021357, 0.026565, 0.025751, 0.026462, 0.028146, 0.024244, 0.026711, 0.025758]",3188,PlayerBFMM,5,"[0.016283, 0.004765, 0.01411, 0.037297, 0.016342, 0.014844, 0.01175, 0.001107]",2282
233,2,8,PlayerMM,3,"[0.021455, 0.025968, 0.027099, 0.026753]",1596,PlayerBFMM,6,"[0.0416, 0.061992, 0.066594, 0.000958]",3551
234,1,35,PlayerMM,4,"[0.155124, 0.146032, 0.146497, 0.151657, 0.176755, 0.200585, 0.176635, 0.180909, 0.157224, 0.134083, 0.123463, 0.126741, 0.13767, 0.082262, 0.038619, 0.007412, 0.005137, 0.001345]",34898,PlayerBFMM,1,"[0.000945, 0.001015, 0.001805, 0.001212, 0.001697, 0.001445, 0.00156, 0.003086, 0.002726, 0.002589, 0.00269, 0.002742, 0.003014, 0.003157, 0.001371, 0.000986, 0.001181]",591
235,1,35,PlayerMM,4,"[0.154937, 0.152976, 0.163136, 0.168358, 0.166975, 0.164769, 0.188215, 0.178063, 0.160062, 0.149453, 0.130964, 0.1407, 0.156663, 0.081601, 0.033979, 0.006422, 0.004428, 0.001061]",34898,PlayerBFMM,2,"[0.001434, 0.001403, 0.002245, 0.002357, 0.001751, 0.002382, 0.002249, 0.004098, 0.00411, 0.004453, 0.005026, 0.004655, 0.004191, 0.003746, 0.001856, 0.001197, 0.001115]",840
236,2,38,PlayerMM,4,"[0.155886, 0.148667, 0.164343, 0.165842, 0.164385, 0.141239, 0.14095, 0.155265, 0.081576, 0.047225, 0.04697, 0.045189, 0.045469, 0.03752, 0.017053, 0.005111, 0.004422, 0.002429, 0.000172]",25533,PlayerBFMM,3,"[0.010345, 0.001646, 0.002022, 0.001692, 0.001478, 0.002556, 0.007774, 0.002553, 0.002636, 0.00269, 0.002914, 0.002708, 0.004148, 0.00993, 0.002445, 0.002077, 0.001604, 0.000717, 0.000246]",1089
237,2,36,PlayerMM,4,"[0.144159, 0.158115, 0.15451, 0.157949, 0.152419, 0.159307, 0.084219, 0.047194, 0.046298, 0.047884, 0.053868, 0.052856, 0.056234, 0.05314, 0.036999, 0.012115, 0.002128, 0.001596]",23633,PlayerBFMM,4,"[0.010692, 0.00388, 0.009151, 0.001843, 0.002989, 0.009372, 0.015614, 0.002532, 0.006611, 0.008398, 0.007215, 0.003484, 0.010112, 0.006919, 0.003518, 0.002095, 0.000952, 0.000381]",1811
238,GameResult.TIE,42,PlayerMM,4,"[0.143091, 0.170267, 0.167479, 0.159227, 0.168372, 0.168469, 0.179586, 0.175044, 0.190228, 0.197292, 0.195162, 0.112866, 0.102236, 0.094083, 0.039958, 0.013862, 0.001918, 0.001521, 0.000215, 0.00014, 8.3e-05]",35314,PlayerBFMM,5,"[0.018877, 0.004354, 0.011861, 0.029886, 0.016822, 0.014549, 0.055661, 0.024988, 0.011535, 0.051837, 0.010705, 0.013883, 0.04849, 0.004968, 0.002985, 0.001965, 0.001376, 0.001093, 0.000819, 0.000515, 0.000188]",5879
239,GameResult.TIE,42,PlayerMM,4,"[0.14989, 0.150676, 0.153051, 0.16198, 0.158993, 0.173171, 0.183826, 0.180569, 0.171842, 0.157374, 0.168698, 0.084121, 0.066242, 0.017499, 0.006902, 0.001815, 0.001795, 0.001369, 0.000208, 0.000133, 8e-05]",32066,PlayerBFMM,6,"[0.040111, 0.006271, 0.026349, 0.058523, 0.025804, 0.026044, 0.043485, 0.021278, 0.037943, 0.087952, 0.048499, 0.008881, 0.006038, 0.00222, 0.002063, 0.00193, 0.001666, 0.001362, 0.000834, 0.000492, 0.000181]",8589
240,1,23,PlayerMM,5,"[1.040385, 1.056648, 1.091658, 1.161563, 1.150827, 1.190195, 1.10382, 0.543618, 0.461036, 0.250237, 0.287372, 0.242523]",164407,PlayerBFMM,1,"[0.000866, 0.001735, 0.002416, 0.001401, 0.001033, 0.001023, 0.001864, 0.000729, 0.000975, 0.00133, 0.001514]",278
241,1,25,PlayerMM,5,"[1.059557, 1.088213, 1.066138, 1.150567, 1.182128, 1.220499, 1.12397, 0.55001, 0.473379, 0.255366, 0.247059, 0.246246, 0.192313]",167185,PlayerBFMM,2,"[0.001663, 0.001693, 0.001915, 0.00186, 0.001919, 0.00288, 0.003428, 0.001383, 0.0015, 0.002709, 0.001652, 0.002024]",477
242,2,14,PlayerMM,5,"[1.051516, 1.065685, 1.122795, 1.170235, 1.218096, 1.22093, 1.001764]",133356,PlayerBFMM,3,"[0.012644, 0.002489, 0.001963, 0.001854, 0.002737, 0.003061, 0.000835]",582
243,2,10,PlayerMM,5,"[1.052894, 1.075557, 1.115215, 1.132428, 0.965451]",94741,PlayerBFMM,4,"[0.012614, 0.002884, 0.011925, 0.003262, 0.000793]",735
244,2,10,PlayerMM,5,"[1.07595, 1.089984, 1.121827, 1.131813, 0.951277]",94741,PlayerBFMM,5,"[0.048366, 0.003212, 0.012654, 0.003535, 0.000771]",1566
245,2,10,PlayerMM,5,"[1.050369, 1.094699, 1.119021, 1.115265, 0.95026]",94741,PlayerBFMM,6,"[0.049288, 0.022984, 0.013145, 0.004799, 0.000768]",2080
246,2,24,PlayerMM,6,"[7.466663, 7.585602, 7.692664, 8.033687, 8.173213, 8.234494, 8.088471, 8.015654, 5.980985, 4.697958, 3.753891, 1.590882]",1336324,PlayerBFMM,1,"[0.000885, 0.000942, 0.001955, 0.001304, 0.0014, 0.001282, 0.001539, 0.003051, 0.003093, 0.00287, 0.002482, 0.001221]",428
247,1,23,PlayerMM,6,"[7.571126, 7.625451, 7.745088, 8.074567, 8.260027, 8.294199, 8.146777, 8.290384, 6.055437, 4.628562, 3.714659, 1.666574]",1336294,PlayerBFMM,2,"[0.001453, 0.001569, 0.002269, 0.002168, 0.001756, 0.002472, 0.002387, 0.008985, 0.003835, 0.004314, 0.003714]",590
248,1,25,PlayerMM,6,"[7.534359, 7.687755, 7.859371, 8.162037, 7.704964, 5.34403, 5.413648, 5.379959, 5.705116, 5.696991, 6.083956, 5.986068, 5.392159]",1346058,PlayerBFMM,3,"[0.010878, 0.001787, 0.001884, 0.00152, 0.00145, 0.009195, 0.037664, 0.006627, 0.005294, 0.018856, 0.005884, 0.004565]",2112
249,2,34,PlayerMM,6,"[7.546517, 7.732558, 7.874826, 7.833251, 7.96266, 6.004121, 1.335292, 1.348781, 1.253852, 1.261115, 1.017971, 0.498443, 0.059989, 0.061566, 0.043958, 0.005599, 0.00523]",860472,PlayerBFMM,4,"[0.010738, 0.003752, 0.01008, 0.003407, 0.003256, 0.004165, 0.006995, 0.004772, 0.002881, 0.00277, 0.004044, 0.004305, 0.002067, 0.001871, 0.001637, 0.00176, 0.000504]",1243
250,1,23,PlayerMM,6,"[8.211075, 8.483565, 8.160563, 8.054426, 7.917619, 8.046435, 6.390074, 3.502038, 3.466837, 2.717463, 1.973103, 1.68306]",1117664,PlayerBFMM,5,"[0.017418, 0.003802, 0.011892, 0.010991, 0.013549, 0.00394, 0.003651, 0.063702, 0.01574, 0.013793, 0.001965]",3095
251,2,10,PlayerMM,6,"[7.446334, 7.756534, 7.713463, 7.89131, 7.639418]",684406,PlayerBFMM,6,"[0.039229, 0.005924, 0.026029, 0.013351, 0.001581]",2120
252,1,7,PlayerMM,1,"[0.000438, 0.000567, 0.00043, 0.000473]",28,PlayerAB,1,"[0.000417, 0.000426, 0.000492]",21
253,2,14,PlayerMM,1,"[0.00041, 0.000416, 0.000438, 0.000503, 0.000561, 0.000483, 0.000521]",49,PlayerAB,2,"[0.000998, 0.001884, 0.001946, 0.001827, 0.001999, 0.001583, 0.001308]",193
254,1,7,PlayerMM,1,"[0.000564, 0.000418, 0.00044, 0.000421]",28,PlayerAB,3,"[0.003898, 0.005451, 0.005387]",271
255,2,12,PlayerMM,1,"[0.000413, 0.000492, 0.000427, 0.000444, 0.000515, 0.000919]",42,PlayerAB,4,"[0.014168, 0.009449, 0.020052, 0.015886, 0.011224, 0.006128]",1459
256,1,7,PlayerMM,1,"[0.000448, 0.000425, 0.000433, 0.000424]",28,PlayerAB,5,"[0.031953, 0.078572, 0.06045]",3120
257,2,14,PlayerMM,1,"[0.000451, 0.000484, 0.000501, 0.000458, 0.000435, 0.000589, 0.000422]",48,PlayerAB,6,"[0.200088, 0.089991, 0.142471, 0.343244, 0.297594, 0.202014, 0.267006]",27957
258,1,19,PlayerMM,2,"[0.002884, 0.003125, 0.002917, 0.002418, 0.002379, 0.00258, 0.001741, 0.001706, 0.001892, 0.001139]",404,PlayerAB,1,"[0.000396, 0.000401, 0.000406, 0.000361, 0.000376, 0.000389, 0.00034, 0.000358, 0.000413]",54
259,2,42,PlayerMM,2,"[0.003006, 0.002865, 0.003064, 0.002155, 0.002225, 0.00253, 0.002456, 0.003175, 0.002678, 0.001259, 0.001282, 0.001552, 0.001436, 0.001557, 0.001393, 0.000933, 0.000646, 0.000462, 0.000459, 0.00051, 0.000195]",577,PlayerAB,2,"[0.000953, 0.000962, 0.000917, 0.001302, 0.000924, 0.001284, 0.00102, 0.001313, 0.000989, 0.000866, 0.000785, 0.000704, 0.001418, 0.001108, 0.001009, 0.000457, 0.000441, 0.000361, 0.000479, 0.000384, 4e-05]",286
260,2,32,PlayerMM,2,"[0.003271, 0.002999, 0.002906, 0.002903, 0.002908, 0.002356, 0.002542, 0.002519, 0.002717, 0.003067, 0.002937, 0.002496, 0.001092, 0.00084, 0.000858, 0.000896]",591,PlayerAB,3,"[0.003703, 0.004303, 0.004262, 0.004445, 0.00314, 0.005503, 0.004979, 0.005656, 0.003738, 0.004612, 0.004996, 0.001469, 0.001888, 0.002098, 0.001316, 0.001884]",975
261,GameResult.TIE,42,PlayerMM,2,"[0.002998, 0.003353, 0.003158, 0.003183, 0.003253, 0.003267, 0.002439, 0.00189, 0.002012, 0.00135, 0.001617, 0.00135, 0.001399, 0.001401, 0.001351, 0.000853, 0.000483, 0.000445, 0.000461, 0.000367, 7.9e-05]",588,PlayerAB,4,"[0.021002, 0.009223, 0.018965, 0.015459, 0.014965, 0.010624, 0.008001, 0.005491, 0.004156, 0.00406, 0.004486, 0.005518, 0.00479, 0.00587, 0.002846, 0.001495, 0.001441, 0.000994, 0.001223, 0.000107, 5.8e-05]",2497
262,1,29,PlayerMM,2,"[0.002883, 0.003095, 0.003109, 0.003346, 0.00257, 0.002659, 0.002581, 0.002738, 0.002833, 0.002722, 0.001527, 0.001389, 0.000993, 0.00084, 0.000819]",537,PlayerAB,5,"[0.028968, 0.033654, 0.087514, 0.033131, 0.032302, 0.036058, 0.033208, 0.027758, 0.026945, 0.009, 0.009948, 0.00532, 0.008031, 0.009258]",6790
263,2,22,PlayerMM,2,"[0.00291, 0.003001, 0.003199, 0.003282, 0.003236, 0.003272, 0.00343, 0.003388, 0.003398, 0.003785, 0.003789]",612,PlayerAB,6,"[0.186411, 0.072523, 0.114711, 0.341596, 0.52196, 0.583789, 0.357776, 0.57542, 0.764963, 0.466998, 1.417298]",92991
264,1,7,PlayerMM,3,"[0.020564, 0.021094, 0.021247, 0.019625]",1595,PlayerAB,1,"[0.000396, 0.000407, 0.000419]",21
265,1,29,PlayerMM,3,"[0.020686, 0.021386, 0.021885, 0.022755, 0.023034, 0.022909, 0.023406, 0.016512, 0.010378, 0.0097, 0.009996, 0.00961, 0.005519, 0.005824, 0.004253]",3820,PlayerAB,2,"[0.000959, 0.001631, 0.001647, 0.00139, 0.001419, 0.001587, 0.001592, 0.001328, 0.000977, 0.001179, 0.00162, 0.001209, 0.001083, 0.001329]",312
266,1,7,PlayerMM,3,"[0.020596, 0.025117, 0.024722, 0.02214]",1595,PlayerAB,3,"[0.004088, 0.005402, 0.005845]",271
267,2,12,PlayerMM,3,"[0.022278, 0.023561, 0.022964, 0.023897, 0.026016, 0.023755]",2372,PlayerAB,4,"[0.014705, 0.01068, 0.021138, 0.01972, 0.011163, 0.005797]",1459
268,1,7,PlayerMM,3,"[0.02367, 0.027796, 0.021763, 0.019378]",1595,PlayerAB,5,"[0.032565, 0.077377, 0.058851]",3120
269,2,34,PlayerMM,3,"[0.020737, 0.022225, 0.022042, 0.02355, 0.021884, 0.02344, 0.025099, 0.02544, 0.025809, 0.023832, 0.024613, 0.010146, 0.010552, 0.010353, 0.010893, 0.009957, 0.004489]",4988,PlayerAB,6,"[0.189907, 0.071303, 0.249138, 0.49558, 0.85247, 0.423974, 0.145416, 0.349382, 0.160773, 0.089738, 0.038509, 0.140468, 0.200451, 0.275442, 0.151117, 0.065289, 0.007303]",70839
270,1,9,PlayerMM,4,"[0.146904, 0.150403, 0.150225, 0.139294, 0.077887]",12467,PlayerAB,1,"[0.000607, 0.000405, 0.000412, 0.000425]",28
271,GameResult.TIE,42,PlayerMM,4,"[0.147, 0.149989, 0.150272, 0.159146, 0.167429, 0.172074, 0.175258, 0.155162, 0.079394, 0.022015, 0.02241, 0.02027, 0.00797, 0.008111, 0.008184, 0.007671, 0.001828, 0.001981, 0.001602, 0.000494, 0.000128]",24437,PlayerAB,2,"[0.001137, 0.001146, 0.001857, 0.001484, 0.001844, 0.001552, 0.001553, 0.001006, 0.000788, 0.000691, 0.000763, 0.000565, 0.000665, 0.000871, 0.00057, 0.000665, 0.000444, 0.000373, 0.000358, 0.000377, 5.1e-05]",306
272,1,17,PlayerMM,4,"[0.147812, 0.150217, 0.150195, 0.143071, 0.151008, 0.151753, 0.095094, 0.098386, 0.080069]",20418,PlayerAB,3,"[0.003699, 0.004325, 0.004483, 0.006511, 0.007895, 0.00763, 0.005025, 0.005696]",822
273,2,32,PlayerMM,4,"[0.146757, 0.151868, 0.153399, 0.159676, 0.168959, 0.151315, 0.142125, 0.086348, 0.077352, 0.021942, 0.022815, 0.022555, 0.022176, 0.022447, 0.021802, 0.015301]",23558,PlayerAB,4,"[0.013472, 0.009257, 0.018852, 0.015627, 0.015167, 0.020811, 0.014466, 0.008726, 0.004017, 0.007794, 0.006651, 0.006637, 0.005358, 0.002816, 0.002747, 0.001754]",2849
274,1,15,PlayerMM,4,"[0.147336, 0.149807, 0.14971, 0.161172, 0.145785, 0.13791, 0.143127, 0.132565]",21044,PlayerAB,5,"[0.028696, 0.034046, 0.079225, 0.086043, 0.07675, 0.126742, 0.082157]",9773
275,2,38,PlayerMM,4,"[0.14679, 0.155456, 0.159237, 0.160671, 0.160382, 0.171486, 0.1571, 0.159612, 0.170619, 0.174104, 0.176759, 0.096001, 0.086892, 0.072325, 0.029217, 0.012733, 0.005041, 0.001247, 0.000586]",33463,PlayerAB,6,"[0.182464, 0.072692, 0.111709, 0.325825, 0.27742, 0.286733, 0.376283, 0.537958, 1.028328, 0.703984, 0.19049, 0.257177, 0.313301, 0.289109, 0.035401, 0.023002, 0.002066, 0.001965, 8e-05]",82382
276,1,7,PlayerMM,5,"[1.043808, 1.085513, 1.103371, 0.974205]",78362,PlayerAB,1,"[0.000401, 0.00042, 0.00046]",21
277,2,24,PlayerMM,5,"[1.06891, 1.094522, 1.136545, 1.163822, 1.19822, 1.250121, 1.291847, 1.09792, 0.518722, 0.198096, 0.085842, 0.090915]",164826,PlayerAB,2,"[0.00096, 0.001414, 0.002121, 0.001169, 0.001947, 0.002621, 0.001344, 0.001733, 0.001196, 0.000805, 0.000998, 0.000679]",282
278,1,7,PlayerMM,5,"[1.058719, 1.079687, 1.116282, 0.971525]",78362,PlayerAB,3,"[0.00407, 0.004404, 0.003897]",237
279,2,12,PlayerMM,5,"[1.066088, 1.092586, 1.138368, 1.137969, 1.20479, 1.142296]",117479,PlayerAB,4,"[0.018632, 0.021654, 0.032131, 0.05098, 0.019982, 0.012597]",2882
280,1,9,PlayerMM,5,"[1.058936, 1.090538, 1.13135, 1.190548, 1.04861]",97906,PlayerAB,5,"[0.060193, 0.052873, 0.06248, 0.039439]",3971
281,2,26,PlayerMM,5,"[1.123223, 1.100863, 1.134351, 1.18977, 1.22256, 1.229534, 1.030663, 0.499258, 0.252489, 0.192063, 0.087777, 0.09369, 0.081438]",151680,PlayerAB,6,"[0.344104, 0.257724, 0.205599, 0.085972, 0.189086, 0.132219, 0.135945, 0.068245, 0.039416, 0.039751, 0.033974, 0.03315, 0.02647]",28915
282,1,9,PlayerMM,6,"[7.657886, 7.785029, 7.696535, 6.176384, 2.741454]",572506,PlayerAB,1,"[0.000403, 0.000441, 0.000462, 0.00043]",28
283,2,40,PlayerMM,6,"[7.202294, 7.343353, 7.089289, 7.489465, 7.74943, 8.082894, 7.843969, 5.763637, 2.04041, 0.362676, 0.363696, 0.313355, 0.309221, 0.187726, 0.149342, 0.027697, 0.021753, 0.006348, 0.001004, 0.0001]",1059992,PlayerAB,2,"[0.000961, 0.00097, 0.001768, 0.001566, 0.001842, 0.001521, 0.001554, 0.001003, 0.000999, 0.000887, 0.000956, 0.000695, 0.000788, 0.000755, 0.000636, 0.000674, 0.000755, 0.000371, 0.000301, 0.00019]",314
284,1,17,PlayerMM,6,"[7.332371, 7.333102, 7.463435, 6.330863, 6.555355, 6.760029, 3.524276, 3.38483, 2.303628]",883076,PlayerAB,3,"[0.004201, 0.004141, 0.004653, 0.006547, 0.009953, 0.007212, 0.005081, 0.005612]",822
285,2,34,PlayerMM,6,"[7.541996, 7.689956, 7.802662, 8.158347, 7.974287, 7.946735, 6.236888, 7.040289, 6.69817, 7.332963, 2.883382, 2.049749, 0.351235, 0.325937, 0.169729, 0.027237, 0.006659]",1307940,PlayerAB,4,"[0.014727, 0.008955, 0.018815, 0.016624, 0.019366, 0.024405, 0.016117, 0.023921, 0.029049, 0.013603, 0.017565, 0.008272, 0.003004, 0.004209, 0.003203, 0.001085, 0.000762]",3979
286,1,15,PlayerMM,6,"[7.552902, 7.70483, 7.467796, 7.652642, 6.39989, 5.139643, 4.612998, 4.856551]",905317,PlayerAB,5,"[0.029949, 0.032912, 0.079878, 0.084797, 0.035067, 0.056955, 0.086152]",7762
287,2,32,PlayerMM,6,"[7.279072, 7.41464, 7.524805, 7.844693, 7.987211, 7.935835, 6.117537, 5.988292, 2.507816, 1.139373, 1.157183, 1.064107, 0.750699, 0.431661, 0.081349, 0.00615]",1120756,PlayerAB,6,"[0.174291, 0.065826, 0.105795, 0.338547, 0.336653, 0.266522, 0.222243, 0.186966, 0.110354, 0.144062, 0.138766, 0.130601, 0.062475, 0.047003, 0.006516, 0.003124]",43518
288,1,7,PlayerMM,1,"[0.000453, 0.000391, 0.000411, 0.000452]",28,PlayerMM,1,"[0.000388, 0.000588, 0.000418]",21
289,2,14,PlayerMM,1,"[0.000403, 0.000475, 0.000409, 0.000425, 0.000443, 0.000461, 0.000474]",49,PlayerMM,2,"[0.002813, 0.003095, 0.003281, 0.003203, 0.003522, 0.003597, 0.003146]",390
290,1,7,PlayerMM,1,"[0.000394, 0.000399, 0.000509, 0.000441]",28,PlayerMM,3,"[0.021237, 0.022061, 0.021531]",1197
291,2,12,PlayerMM,1,"[0.000394, 0.000456, 0.000416, 0.000487, 0.000552, 0.000462]",42,PlayerMM,4,"[0.157391, 0.153696, 0.157266, 0.171606, 0.166132, 0.126633]",16229
292,1,7,PlayerMM,1,"[0.000405, 0.0004, 0.000403, 0.000591]",28,PlayerMM,5,"[1.072569, 1.085737, 1.020467]",58788
293,2,14,PlayerMM,1,"[0.000455, 0.000407, 0.000407, 0.000424, 0.000448, 0.000495, 0.000396]",48,PlayerMM,6,"[7.636382, 7.824176, 7.993003, 7.91345, 6.587008, 3.374834, 3.118368]",759796
294,1,19,PlayerMM,2,"[0.002897, 0.003357, 0.003337, 0.002266, 0.002609, 0.002589, 0.001961, 0.002092, 0.001847, 0.001598]",404,PlayerMM,1,"[0.000402, 0.00041, 0.000415, 0.000365, 0.000417, 0.000417, 0.000347, 0.000364, 0.000377]",54
295,2,42,PlayerMM,2,"[0.002954, 0.003076, 0.003174, 0.002323, 0.00244, 0.002461, 0.002599, 0.002843, 0.002771, 0.001291, 0.001319, 0.001446, 0.001377, 0.001455, 0.001425, 0.000975, 0.000455, 0.000473, 0.00047, 0.000523, 0.0002]",577,PlayerMM,2,"[0.003186, 0.00308, 0.003074, 0.002406, 0.002396, 0.002573, 0.002602, 0.00271, 0.001951, 0.001357, 0.001538, 0.001404, 0.001544, 0.001681, 0.001526, 0.000817, 0.000449, 0.000466, 0.0006, 0.000395, 4.1e-05]",559
296,2,32,PlayerMM,2,"[0.002919, 0.002966, 0.003078, 0.003102, 0.002349, 0.002435, 0.002695, 0.002877, 0.003007, 0.003136, 0.002895, 0.002073, 0.000875, 0.000838, 0.000856, 0.000856]",591,PlayerMM,3,"[0.021583, 0.023791, 0.020483, 0.013987, 0.014634, 0.015035, 0.017539, 0.018098, 0.01811, 0.017505, 0.015287, 0.005462, 0.002892, 0.002713, 0.002849, 0.002555]",3396
297,GameResult.TIE,42,PlayerMM,2,"[0.00293, 0.003265, 0.003026, 0.003137, 0.003457, 0.003138, 0.002495, 0.001899, 0.001893, 0.001272, 0.001342, 0.001775, 0.001374, 0.001413, 0.00151, 0.000822, 0.000505, 0.000445, 0.000459, 0.000368, 7.9e-05]",588,PlayerMM,4,"[0.154652, 0.152516, 0.155125, 0.170175, 0.15186, 0.091355, 0.046055, 0.048924, 0.042517, 0.024232, 0.024325, 0.02073, 0.017559, 0.01827, 0.005751, 0.001861, 0.001859, 0.001519, 0.00135, 0.000107, 5.8e-05]",19185
298,1,29,PlayerMM,2,"[0.002973, 0.002897, 0.002858, 0.002903, 0.002414, 0.002318, 0.002536, 0.002794, 0.002615, 0.002203, 0.001327, 0.001413, 0.000892, 0.000819, 0.000798]",537,PlayerMM,5,"[1.060149, 1.087303, 0.915409, 0.523893, 0.540138, 0.571507, 0.573901, 0.586667, 0.415819, 0.09482, 0.089552, 0.055079, 0.021906, 0.021003]",112124
299,2,22,PlayerMM,2,"[0.003047, 0.002849, 0.003113, 0.003347, 0.003338, 0.003406, 0.00372, 0.003284, 0.00365, 0.003659, 0.003574]",612,PlayerMM,6,"[7.612002, 7.871001, 7.988171, 8.059685, 7.797959, 7.959803, 6.656012, 6.51992, 6.971884, 6.79895, 7.325977]",1316433
300,1,7,PlayerMM,3,"[0.022571, 0.021461, 0.021668, 0.019474]",1595,PlayerMM,1,"[0.000435, 0.000439, 0.000418]",21
301,1,29,PlayerMM,3,"[0.020897, 0.021181, 0.021029, 0.021873, 0.022546, 0.021908, 0.023313, 0.016185, 0.009749, 0.009484, 0.009968, 0.009349, 0.005329, 0.005663, 0.004087]",3820,PlayerMM,2,"[0.002893, 0.002982, 0.003042, 0.003117, 0.003167, 0.003278, 0.003455, 0.002654, 0.002014, 0.001984, 0.00201, 0.001978, 0.001478, 0.00148]",588
302,1,7,PlayerMM,3,"[0.020447, 0.020945, 0.021214, 0.019171]",1595,PlayerMM,3,"[0.020638, 0.020942, 0.020819]",1197
303,2,12,PlayerMM,3,"[0.02216, 0.020251, 0.021164, 0.024045, 0.022133, 0.022677]",2372,PlayerMM,4,"[0.150461, 0.149358, 0.159769, 0.164616, 0.159671, 0.123592]",16229
304,1,7,PlayerMM,3,"[0.021711, 0.021127, 0.021014, 0.018991]",1595,PlayerMM,5,"[1.048582, 1.07089, 0.999887]",58788
305,2,34,PlayerMM,3,"[0.020018, 0.020618, 0.021184, 0.021976, 0.022234, 0.023283, 0.026016, 0.02538, 0.02592, 0.023641, 0.023785, 0.009757, 0.009901, 0.010199, 0.010375, 0.009251, 0.007792]",4988,PlayerMM,6,"[7.411493, 7.560633, 7.443953, 7.797146, 6.881089, 8.689988, 8.613508, 7.352614, 5.82396, 4.932735, 2.017754, 0.843409, 0.840527, 0.851897, 0.57249, 0.289022, 0.035987]",1258061
306,1,9,PlayerMM,4,"[0.18993, 0.164984, 0.162264, 0.147563, 0.079898]",12467,PlayerMM,1,"[0.000418, 0.000501, 0.000446, 0.000453]",28
307,GameResult.TIE,42,PlayerMM,4,"[0.143611, 0.151403, 0.147705, 0.149802, 0.165703, 0.171518, 0.168364, 0.142665, 0.079359, 0.022723, 0.023258, 0.020237, 0.008037, 0.008161, 0.008087, 0.007881, 0.001894, 0.00174, 0.001682, 0.000463, 0.00013]",24437,PlayerMM,2,"[0.002828, 0.003337, 0.002892, 0.003594, 0.003309, 0.00333, 0.003448, 0.002602, 0.002073, 0.001278, 0.001511, 0.001249, 0.001043, 0.000885, 0.000838, 0.000818, 0.000483, 0.000511, 0.000454, 0.000393, 5e-05]",591
308,1,17,PlayerMM,4,"[0.14611, 0.153605, 0.15501, 0.144358, 0.1494, 0.147842, 0.09044, 0.094184, 0.07704]",20418,PlayerMM,3,"[0.020603, 0.021473, 0.021871, 0.020405, 0.021749, 0.021446, 0.015134, 0.015455]",2847
309,2,32,PlayerMM,4,"[0.153062, 0.151736, 0.158842, 0.164869, 0.167031, 0.152065, 0.143767, 0.095075, 0.080957, 0.022651, 0.02484, 0.023202, 0.022664, 0.022348, 0.021311, 0.016091]",23558,PlayerMM,4,"[0.149881, 0.166149, 0.177023, 0.174329, 0.155512, 0.154893, 0.084894, 0.100467, 0.044407, 0.023432, 0.023065, 0.021995, 0.022422, 0.021225, 0.019806, 0.007457]",21687
310,1,15,PlayerMM,4,"[0.15193, 0.166117, 0.15977, 0.160642, 0.151227, 0.139343, 0.139482, 0.145781]",21044,PlayerMM,5,"[1.075942, 1.083606, 1.086215, 1.119338, 0.938749, 0.952055, 0.965333]",127380
311,2,38,PlayerMM,4,"[0.147832, 0.150738, 0.15528, 0.162994, 0.163493, 0.166659, 0.157136, 0.160858, 0.165549, 0.172963, 0.181303, 0.096411, 0.081793, 0.072909, 0.028964, 0.013235, 0.005055, 0.001267, 0.000592]",33463,PlayerMM,6,"[7.573204, 7.622456, 7.922476, 7.853081, 8.155296, 6.613509, 6.696759, 6.99403, 7.15577, 7.220801, 5.807861, 2.629573, 1.770249, 0.832545, 0.093138, 0.084651, 0.00466, 0.002311, 8.1e-05]",1351438
312,1,7,PlayerMM,5,"[1.077201, 1.089683, 1.096085, 0.971807]",78362,PlayerMM,1,"[0.000485, 0.000418, 0.000479]",21
313,2,24,PlayerMM,5,"[1.060789, 1.060296, 1.103753, 1.147297, 1.179701, 1.230465, 1.229779, 1.081737, 0.51344, 0.199749, 0.086569, 0.088183]",164826,PlayerMM,2,"[0.002815, 0.003134, 0.003059, 0.00323, 0.003286, 0.003434, 0.003486, 0.002856, 0.002021, 0.002039, 0.001447, 0.001328]",532
314,1,7,PlayerMM,5,"[1.045645, 1.0915, 1.07526, 0.956921]",78362,PlayerMM,3,"[0.021944, 0.022428, 0.020751]",1197
315,2,12,PlayerMM,5,"[1.029685, 1.085946, 1.098948, 1.133039, 1.196157, 1.141657]",117479,PlayerMM,4,"[0.150134, 0.158452, 0.154267, 0.156098, 0.172116, 0.15505]",16794
316,1,9,PlayerMM,5,"[1.088058, 1.105215, 1.12746, 1.118132, 0.998528]",97906,PlayerMM,5,"[1.069965, 1.097021, 1.122093, 1.092678]",78362
317,2,26,PlayerMM,5,"[1.044593, 1.066623, 1.129082, 1.149681, 1.206369, 1.232927, 1.019575, 0.507881, 0.243328, 0.177836, 0.08967, 0.093219, 0.089517]",151680,PlayerMM,6,"[7.461963, 7.748254, 8.06786, 8.288287, 8.669845, 8.204435, 3.517769, 1.275831, 0.869444, 0.328395, 0.346618, 0.366225, 0.315468]",914809
318,1,9,PlayerMM,6,"[7.429706, 7.724867, 7.476085, 6.254964, 2.814168]",572506,PlayerMM,1,"[0.000396, 0.000448, 0.00041, 0.000551]",28
319,2,40,PlayerMM,6,"[7.607177, 7.651868, 7.476988, 7.729069, 8.00198, 8.46286, 7.979023, 5.504161, 2.09522, 0.37243, 0.369804, 0.325181, 0.33105, 0.216443, 0.154052, 0.037151, 0.02198, 0.007024, 0.001273, 0.000164]",1059992,PlayerMM,2,"[0.00296, 0.002885, 0.003328, 0.003103, 0.003342, 0.003381, 0.003625, 0.002775, 0.001965, 0.00139, 0.001485, 0.001436, 0.002221, 0.001518, 0.001363, 0.000918, 0.000827, 0.000484, 0.000152, 0.000276]",608
320,1,17,PlayerMM,6,"[7.538977, 7.641241, 7.296392, 6.160243, 6.561139, 6.734182, 3.517601, 3.377319, 2.311868]",883076,PlayerMM,3,"[0.020538, 0.020769, 0.020399, 0.020684, 0.022164, 0.022423, 0.016217, 0.015434]",2847
321,2,34,PlayerMM,6,"[7.470837, 7.616082, 7.880137, 8.009741, 7.875406, 7.91936, 6.222623, 6.903279, 6.812977, 7.202638, 2.848086, 2.051478, 0.343464, 0.322824, 0.162343, 0.028475, 0.00668]",1307940,PlayerMM,4,"[0.152554, 0.154916, 0.155742, 0.156787, 0.164504, 0.154781, 0.164749, 0.173686, 0.167691, 0.103053, 0.091338, 0.045592, 0.023121, 0.018729, 0.007631, 0.001924, 0.001617]",28264
322,1,15,PlayerMM,6,"[7.179891, 7.548838, 7.237044, 7.199697, 6.070344, 4.880492, 4.464233, 4.624152]",905317,PlayerMM,5,"[1.022048, 1.067507, 1.048693, 1.066784, 0.93079, 0.769886, 0.785356]",122204
323,2,32,PlayerMM,6,"[7.075486, 7.235805, 7.355944, 7.64973, 7.405663, 7.499664, 5.704702, 5.550457, 2.332119, 1.060027, 1.077953, 0.989224, 0.689212, 0.410909, 0.078595, 0.005858]",1120756,PlayerMM,6,"[7.100777, 7.211248, 7.485769, 7.391255, 7.598617, 7.202152, 5.465743, 2.996576, 1.037022, 1.06603, 1.059776, 0.724399, 0.617906, 0.250246, 0.021819, 0.005631]",1034363
